{"cameraMode":{"drawMode":0,"name":"Shaded","section":"Shading Mode"},"sceneLighting":true,"audioPlay":false,"sceneViewState":{"m_AlwaysRefresh":false,"showFog":true,"showSkybox":true,"showFlares":true,"showImageEffects":true,"showParticleSystems":true,"showVisualEffectGraphs":true,"m_FxEnabled":false},"in2DMode":false,"pivot":{"x":3.560925006866455,"y":3.3098180294036867,"z":-1.7715497016906739},"rotation":{"x":-0.08568436652421951,"y":0.021516596898436548,"z":-0.00185068987775594,"w":-0.9960893392562866},"size":4.6086859703063969,"orthographic":false}