{"cameraMode":{"drawMode":0,"name":"Shaded","section":"Shading Mode"},"sceneLighting":true,"audioPlay":false,"sceneViewState":{"m_AlwaysRefresh":false,"showFog":true,"showSkybox":true,"showFlares":true,"showImageEffects":true,"showParticleSystems":true,"showVisualEffectGraphs":true,"m_FxEnabled":false},"in2DMode":false,"pivot":{"x":-0.3268839120864868,"y":6.253448486328125,"z":1.1658706665039063},"rotation":{"x":0.0689443051815033,"y":-0.005985539872199297,"z":0.00041370742837898433,"w":0.9976034760475159},"size":8.848567962646485,"orthographic":false}