{"cameraMode":{"drawMode":0,"name":"Shaded","section":"Shading Mode"},"sceneLighting":true,"audioPlay":false,"sceneViewState":{"m_AlwaysRefresh":false,"showFog":true,"showSkybox":true,"showFlares":true,"showImageEffects":true,"showParticleSystems":true,"showVisualEffectGraphs":true,"m_FxEnabled":false},"in2DMode":false,"pivot":{"x":0.43204978108406069,"y":4.575924873352051,"z":9.994688987731934},"rotation":{"x":0.09434199333190918,"y":-0.019412243738770486,"z":0.0018387719755992294,"w":0.9953524470329285},"size":12.33389949798584,"orthographic":false}