{
    "name": "root",
    "metadata": {
        "timer_format_version": "0.1.0",
        "start_time_seconds": "1716077100",
        "python_version": "3.9.5 (default, May 18 2021, 12:31:01) \n[Clang 10.0.0 ]",
        "command_line_arguments": "/Users/aaronzhang/Block Badminton/venv/bin/mlagents-learn --run-id=Test9",
        "mlagents_version": "0.30.0",
        "mlagents_envs_version": "0.30.0",
        "communication_protocol_version": "1.5.0",
        "pytorch_version": "1.11.0",
        "numpy_version": "1.21.2",
        "end_time_seconds": "1716077189"
    },
    "total": 89.543985093,
    "count": 1,
    "self": 0.007367392999995559,
    "children": {
        "run_training.setup": {
            "total": 0.040465344999999875,
            "count": 1,
            "self": 0.040465344999999875
        },
        "TrainerController.start_learning": {
            "total": 89.496152355,
            "count": 1,
            "self": 0.010202362999976344,
            "children": {
                "TrainerController._reset_env": {
                    "total": 17.028944614,
                    "count": 1,
                    "self": 17.028944614
                },
                "TrainerController.advance": {
                    "total": 72.22013990000004,
                    "count": 587,
                    "self": 0.009734938000036664,
                    "children": {
                        "env_step": {
                            "total": 72.13527303500001,
                            "count": 587,
                            "self": 71.48681893800001,
                            "children": {
                                "SubprocessEnvManager._take_step": {
                                    "total": 0.6421018099999927,
                                    "count": 587,
                                    "self": 0.02434154299997715,
                                    "children": {
                                        "TorchPolicy.evaluate": {
                                            "total": 0.6177602670000155,
                                            "count": 587,
                                            "self": 0.6177602670000155
                                        }
                                    }
                                },
                                "workers": {
                                    "total": 0.006352287000002121,
                                    "count": 586,
                                    "self": 0.0,
                                    "children": {
                                        "worker_root": {
                                            "total": 10.94399326000007,
                                            "count": 586,
                                            "is_parallel": true,
                                            "self": 1.2276308150000474,
                                            "children": {
                                                "steps_from_proto": {
                                                    "total": 0.0028838200000009806,
                                                    "count": 1,
                                                    "is_parallel": true,
                                                    "self": 0.0012581460000014033,
                                                    "children": {
                                                        "_process_rank_one_or_two_observation": {
                                                            "total": 0.0016256739999995773,
                                                            "count": 2,
                                                            "is_parallel": true,
                                                            "self": 0.0016256739999995773
                                                        }
                                                    }
                                                },
                                                "UnityEnvironment.step": {
                                                    "total": 9.713478625000022,
                                                    "count": 586,
                                                    "is_parallel": true,
                                                    "self": 0.038301804999957056,
                                                    "children": {
                                                        "UnityEnvironment._generate_step_input": {
                                                            "total": 0.03504881300003149,
                                                            "count": 586,
                                                            "is_parallel": true,
                                                            "self": 0.03504881300003149
                                                        },
                                                        "communicator.exchange": {
                                                            "total": 9.502131074000015,
                                                            "count": 586,
                                                            "is_parallel": true,
                                                            "self": 9.502131074000015
                                                        },
                                                        "steps_from_proto": {
                                                            "total": 0.13799693300001792,
                                                            "count": 586,
                                                            "is_parallel": true,
                                                            "self": 0.08400603499994119,
                                                            "children": {
                                                                "_process_rank_one_or_two_observation": {
                                                                    "total": 0.053990898000076726,
                                                                    "count": 1172,
                                                                    "is_parallel": true,
                                                                    "self": 0.053990898000076726
                                                                }
                                                            }
                                                        }
                                                    }
                                                }
                                            }
                                        }
                                    }
                                }
                            }
                        },
                        "trainer_advance": {
                            "total": 0.07513192699999038,
                            "count": 586,
                            "self": 0.011622163999959412,
                            "children": {
                                "process_trajectory": {
                                    "total": 0.06350976300003097,
                                    "count": 586,
                                    "self": 0.06350976300003097
                                }
                            }
                        }
                    }
                },
                "TrainerController._save_models": {
                    "total": 0.23686547799999857,
                    "count": 1,
                    "self": 0.0009776689999938526,
                    "children": {
                        "RLTrainer._checkpoint": {
                            "total": 0.23588780900000472,
                            "count": 1,
                            "self": 0.23588780900000472
                        }
                    }
                }
            }
        }
    }
}