{
    "name": "root",
    "gauges": {
        "Badminton.Policy.Entropy.mean": {
            "value": 0.48016592860221863,
            "min": 0.4241565763950348,
            "max": 0.6749489307403564,
            "count": 3366
        },
        "Badminton.Policy.Entropy.sum": {
            "value": 600.2073974609375,
            "min": 342.6026611328125,
            "max": 6072.388671875,
            "count": 3366
        },
        "Badminton.Environment.EpisodeLength.mean": {
            "value": 263.3333333333333,
            "min": 39.411764705882355,
            "max": 519.0,
            "count": 3366
        },
        "Badminton.Environment.EpisodeLength.sum": {
            "value": 3160.0,
            "min": 1340.0,
            "max": 6092.0,
            "count": 3366
        },
        "Badminton.Self-play.ELO.mean": {
            "value": 2146.4170651218515,
            "min": 2028.0576806582599,
            "max": 2180.8848408996682,
            "count": 3366
        },
        "Badminton.Self-play.ELO.sum": {
            "value": 12878.502390731108,
            "min": 6454.164342417065,
            "max": 86001.32156592682,
            "count": 3366
        },
        "Badminton.Step.mean": {
            "value": 18801684.0,
            "min": 12071989.0,
            "max": 18801684.0,
            "count": 3366
        },
        "Badminton.Step.sum": {
            "value": 18801684.0,
            "min": 12071989.0,
            "max": 18801684.0,
            "count": 3366
        },
        "Badminton.Policy.ExtrinsicValueEstimate.mean": {
            "value": 0.028198013082146645,
            "min": -0.28323671221733093,
            "max": 0.15026290714740753,
            "count": 3366
        },
        "Badminton.Policy.ExtrinsicValueEstimate.sum": {
            "value": 0.16918808221817017,
            "min": -6.921808242797852,
            "max": 4.971193790435791,
            "count": 3366
        },
        "Badminton.Environment.CumulativeReward.mean": {
            "value": -0.5288333296775818,
            "min": -2.686571376664298,
            "max": 0.320480010509491,
            "count": 3366
        },
        "Badminton.Environment.CumulativeReward.sum": {
            "value": -3.1729999780654907,
            "min": -29.607000082731247,
            "max": 8.012000262737274,
            "count": 3366
        },
        "Badminton.Policy.ExtrinsicReward.mean": {
            "value": -0.5288333296775818,
            "min": -2.686571376664298,
            "max": 0.320480010509491,
            "count": 3366
        },
        "Badminton.Policy.ExtrinsicReward.sum": {
            "value": -3.1729999780654907,
            "min": -29.607000082731247,
            "max": 8.012000262737274,
            "count": 3366
        },
        "Badminton.IsTraining.mean": {
            "value": 1.0,
            "min": 1.0,
            "max": 1.0,
            "count": 3366
        },
        "Badminton.IsTraining.sum": {
            "value": 1.0,
            "min": 1.0,
            "max": 1.0,
            "count": 3366
        },
        "Badminton.Losses.PolicyLoss.mean": {
            "value": 0.01722494865243789,
            "min": 0.009331328802727513,
            "max": 0.022998329972324427,
            "count": 326
        },
        "Badminton.Losses.PolicyLoss.sum": {
            "value": 0.01722494865243789,
            "min": 0.009331328802727513,
            "max": 0.022998329972324427,
            "count": 326
        },
        "Badminton.Losses.ValueLoss.mean": {
            "value": 0.02052832255139947,
            "min": 0.0153065025806427,
            "max": 0.0423421517945826,
            "count": 326
        },
        "Badminton.Losses.ValueLoss.sum": {
            "value": 0.02052832255139947,
            "min": 0.0153065025806427,
            "max": 0.0423421517945826,
            "count": 326
        },
        "Badminton.Policy.LearningRate.mean": {
            "value": 0.0002,
            "min": 0.0002,
            "max": 0.0002,
            "count": 326
        },
        "Badminton.Policy.LearningRate.sum": {
            "value": 0.0002,
            "min": 0.0002,
            "max": 0.0002,
            "count": 326
        },
        "Badminton.Policy.Epsilon.mean": {
            "value": 0.15,
            "min": 0.15,
            "max": 0.15,
            "count": 326
        },
        "Badminton.Policy.Epsilon.sum": {
            "value": 0.15,
            "min": 0.15,
            "max": 0.15,
            "count": 326
        },
        "Badminton.Policy.Beta.mean": {
            "value": 0.003,
            "min": 0.003,
            "max": 0.003,
            "count": 326
        },
        "Badminton.Policy.Beta.sum": {
            "value": 0.003,
            "min": 0.003,
            "max": 0.003,
            "count": 326
        }
    },
    "metadata": {
        "timer_format_version": "0.1.0",
        "start_time_seconds": "1716312726",
        "python_version": "3.9.5 (tags/v3.9.5:0a7dcbd, May  3 2021, 17:27:52) [MSC v.1928 64 bit (AMD64)]",
        "command_line_arguments": "C:\\Users\\aaron\\BlockBadminton\\block-badminton\\venv\\Scripts\\mlagents-learn config/trainer_config.yaml --run-id=BadmintonTrain3 --time-scale=1 --resume",
        "mlagents_version": "0.30.0",
        "mlagents_envs_version": "0.30.0",
        "communication_protocol_version": "1.5.0",
        "pytorch_version": "1.11.0+cu115",
        "numpy_version": "1.21.2",
        "end_time_seconds": "1716345278"
    },
    "total": 32552.5848978,
    "count": 1,
    "self": 0.006462600002123509,
    "children": {
        "run_training.setup": {
            "total": 0.19343800000000044,
            "count": 1,
            "self": 0.19343800000000044
        },
        "TrainerController.start_learning": {
            "total": 32552.3849972,
            "count": 1,
            "self": 8.621028700821626,
            "children": {
                "TrainerController._reset_env": {
                    "total": 22.37241320003431,
                    "count": 169,
                    "self": 22.37241320003431
                },
                "TrainerController.advance": {
                    "total": 32521.16744889914,
                    "count": 332678,
                    "self": 8.421963799868536,
                    "children": {
                        "env_step": {
                            "total": 30517.033784700292,
                            "count": 332678,
                            "self": 27833.305037302354,
                            "children": {
                                "SubprocessEnvManager._take_step": {
                                    "total": 2678.796057199552,
                                    "count": 332678,
                                    "self": 47.02377390117999,
                                    "children": {
                                        "TorchPolicy.evaluate": {
                                            "total": 2631.772283298372,
                                            "count": 573926,
                                            "self": 2631.772283298372
                                        }
                                    }
                                },
                                "workers": {
                                    "total": 4.932690198386311,
                                    "count": 332677,
                                    "self": 0.0,
                                    "children": {
                                        "worker_root": {
                                            "total": 32527.572693500577,
                                            "count": 332677,
                                            "is_parallel": true,
                                            "self": 5622.831480500401,