{
    "name": "root",
    "gauges": {
        "Badminton.Policy.Entropy.mean": {
            "value": 2.447160243988037,
            "min": 2.44547176361084,
            "max": 2.4539709091186523,
            "count": 20
        },
        "Badminton.Policy.Entropy.sum": {
            "value": 420.91156005859375,
            "min": 288.565673828125,
            "max": 651.8316650390625,
            "count": 20
        },
        "Badminton.Environment.EpisodeLength.mean": {
            "value": 20.5,
            "min": 16.333333333333332,
            "max": 43.333333333333336,
            "count": 20
        },
        "Badminton.Environment.EpisodeLength.sum": {
            "value": 164.0,
            "min": 114.0,
            "max": 260.0,
            "count": 20
        },
        "Badminton.Self-play.ELO.mean": {
            "value": 1181.6054150860693,
            "min": 1181.6054150860693,
            "max": 1199.1040187388323,
            "count": 20
        },
        "Badminton.Self-play.ELO.sum": {
            "value": 4726.421660344277,
            "min": 2386.832408935322,
            "max": 7107.726801311649,
            "count": 20
        },
        "Badminton.Step.mean": {
            "value": 1980.0,
            "min": 79.0,
            "max": 1980.0,
            "count": 20
        },
        "Badminton.Step.sum": {
            "value": 1980.0,
            "min": 79.0,
            "max": 1980.0,
            "count": 20
        },
        "Badminton.Policy.ExtrinsicValueEstimate.mean": {
            "value": 0.03929930925369263,
            "min": -0.06681161373853683,
            "max": 0.03929930925369263,
            "count": 20
        },
        "Badminton.Policy.ExtrinsicValueEstimate.sum": {
            "value": 0.1571972370147705,
            "min": -0.4008696973323822,
            "max": 0.1571972370147705,
            "count": 20
        },
        "Badminton.Environment.CumulativeReward.mean": {
            "value": -1.0,
            "min": -1.0,
            "max": 0.6500000357627869,
            "count": 20
        },
        "Badminton.Environment.CumulativeReward.sum": {
            "value": -4.0,
            "min": -5.0,
            "max": 2.6000001430511475,
            "count": 20
        },
        "Badminton.Policy.ExtrinsicReward.mean": {
            "value": -1.0,
            "min": -1.0,
            "max": 0.6500000357627869,
            "count": 20
        },
        "Badminton.Policy.ExtrinsicReward.sum": {
            "value": -4.0,
            "min": -5.0,
            "max": 2.6000001430511475,
            "count": 20
        },
        "Badminton.IsTraining.mean": {
            "value": 1.0,
            "min": 1.0,
            "max": 1.0,
            "count": 20
        },
        "Badminton.IsTraining.sum": {
            "value": 1.0,
            "min": 1.0,
            "max": 1.0,
            "count": 20
        }
    },
    "metadata": {
        "timer_format_version": "0.1.0",
        "start_time_seconds": "1716094287",
        "python_version": "3.9.5 (default, May 18 2021, 12:31:01) \n[Clang 10.0.0 ]",
        "command_line_arguments": "/Users/aaronzhang/Block Badminton/venv/bin/mlagents-learn config/trainer_config.yaml --run-id=Test23",
        "mlagents_version": "0.30.0",
        "mlagents_envs_version": "0.30.0",
        "communication_protocol_version": "1.5.0",
        "pytorch_version": "1.11.0",
        "numpy_version": "1.21.2",
        "end_time_seconds": "1716094370"
    },
    "total": 82.340040267,
    "count": 1,
    "self": 0.0069995120000072575,
    "children": {
        "run_training.setup": {
            "total": 0.03817470800000011,
            "count": 1,
            "self": 0.03817470800000011
        },
        "TrainerController.start_learning": {
            "total": 82.294866047,
            "count": 1,
            "self": 0.051431365999874856,
            "children": {
                "TrainerController._reset_env": {
                    "total": 42.348202859000004,
                    "count": 1,
                    "self": 42.348202859000004
                },
                "TrainerController.advance": {
                    "total": 39.64668205600011,
                    "count": 2145,
                    "self": 0.048828018000499185,
                    "children": {
                        "env_step": {
                            "total": 39.07457011099977,
                            "count": 2145,
                            "self": 33.68061658399978,
                            "children": {
                                "SubprocessEnvManager._take_step": {
                                    "total": 5.34030150199991,
                                    "count": 2145,
                                    "self": 0.2286959989999886,
                                    "children": {
                                        "TorchPolicy.evaluate": {
                                            "total": 5.111605502999922,
                                            "count": 4154,
                                            "self": 5.111605502999922
                                        }
                                    }
                                },
                                "workers": {
                                    "total": 0.05365202500008337,
                                    "count": 2144,
                                    "self": 0.0,
                                    "children": {
                                        "worker_root": {
                                            "total": 32.966075157999875,
                                            "count": 2144,
                                            "is_parallel": true,
                                            "self": 8.60287254899984,
                                            "children": {
                                                "steps_from_proto": {
                                                    "total": 0.0004898040000043125,
                                                    "count": 2,
                                                    "is_parallel": true,
                                                    "self": 0.00028769100000403114,
                                                    "children": {
                                                        "_process_rank_one_or_two_observation": {
                                                            "total": 0.00020211300000028132,
                                                            "count": 4,
                                                            "is_parallel": true,
                                                            "self": 0.00020211300000028132
                                                        }
                                                    }
                                                },
                                                "UnityEnvironment.step": {
                                                    "total": 24.36271280500003,
                                                    "count": 2144,
                                                    "is_parallel": true,
                                                    "self": 0.2218225650007426,
                                                    "children": {
                                                        "UnityEnvironment._generate_step_input": {
                                                            "total": 0.1770844059999348,
                                                            "count": 2144,
                                                            "is_parallel": true,
                                                            "self": 0.1770844059999348
                                                        },