{
    "name": "root",
    "metadata": {
        "timer_format_version": "0.1.0",
        "start_time_seconds": "1716097073",
        "python_version": "3.9.5 (default, May 18 2021, 12:31:01) \n[Clang 10.0.0 ]",
        "command_line_arguments": "/Users/aaronzhang/Block Badminton/venv/bin/mlagents-learn config/trainer_config.yaml --run-id=Test27 --time-scale=1",
        "mlagents_version": "0.30.0",
        "mlagents_envs_version": "0.30.0",
        "communication_protocol_version": "1.5.0",
        "pytorch_version": "1.11.0",
        "numpy_version": "1.21.2",
        "end_time_seconds": "1716097206"
    },
    "total": 132.85420240800002,
    "count": 1,
    "self": 0.00783753900000761,
    "children": {
        "run_training.setup": {
            "total": 0.039094603999999755,
            "count": 1,
            "self": 0.039094603999999755
        },
        "TrainerController.start_learning": {
            "total": 132.807270265,
            "count": 1,
            "self": 0.006341898000101764,
            "children": {
                "TrainerController._reset_env": {
                    "total": 36.894557266999996,
                    "count": 1,
                    "self": 36.894557266999996
                },
                "TrainerController.advance": {
                    "total": 95.66126161799991,
                    "count": 337,
                    "self": 0.00610859799982677,
                    "children": {
                        "env_step": {
                            "total": 95.59217082400005,
                            "count": 337,
                            "self": 94.8978895600002,
                            "children": {
                                "SubprocessEnvManager._take_step": {
                                    "total": 0.6904033140000081,
                                    "count": 337,
                                    "self": 0.02681220300011944,
                                    "children": {
                                        "TorchPolicy.evaluate": {
                                            "total": 0.6635911109998887,
                                            "count": 638,
                                            "self": 0.6635911109998887
                                        }
                                    }
                                },
                                "workers": {
                                    "total": 0.003877949999846919,
                                    "count": 336,
                                    "self": 0.0,
                                    "children": {
                                        "worker_root": {
                                            "total": 34.55096269200008,
                                            "count": 336,
                                            "is_parallel": true,
                                            "self": 1.1363717690001707,
                                            "children": {
                                                "steps_from_proto": {
                                                    "total": 0.0005728539999978466,
                                                    "count": 2,
                                                    "is_parallel": true,
                                                    "self": 0.0002927640000010001,
                                                    "children": {
                                                        "_process_rank_one_or_two_observation": {
                                                            "total": 0.00028008999999684647,
                                                            "count": 4,
                                                            "is_parallel": true,
                                                            "self": 0.00028008999999684647
                                                        }
                                                    }
                                                },
                                                "UnityEnvironment.step": {
                                                    "total": 33.41401806899991,
                                                    "count": 336,
                                                    "is_parallel": true,
                                                    "self": 0.03212267800000035,
                                                    "children": {
                                                        "UnityEnvironment._generate_step_input": {
                                                            "total": 0.03172178699995243,
                                                            "count": 336,
                                                            "is_parallel": true,
                                                            "self": 0.03172178699995243
                                                        },
                                                        "communicator.exchange": {
                                                            "total": 33.201842312999965,
                                                            "count": 336,
                                                            "is_parallel": true,
                                                            "self": 33.201842312999965
                                                        },
                                                        "steps_from_proto": {
                                                            "total": 0.14833129099999098,
                                                            "count": 672,
                                                            "is_parallel": true,
                                                            "self": 0.09482493900008393,
                                                            "children": {
                                                                "_process_rank_one_or_two_observation": {
                                                                    "total": 0.053506351999907054,
                                                                    "count": 1344,
                                                                    "is_parallel": true,
                                                                    "self": 0.053506351999907054
                                                                }
                                                            }
                                                        }
                                                    }
                                                }
                                            }
                                        }
                                    }
                                }
                            }
                        },
                        "trainer_advance": {
                            "total": 0.06298219600002852,
                            "count": 336,
                            "self": 0.016013494999981503,
                            "children": {
                                "process_trajectory": {
                                    "total": 0.04696870100004702,
                                    "count": 336,
                                    "self": 0.04696870100004702
                                }
                            }
                        }
                    }
                },
                "TrainerController._save_models": {
                    "total": 0.2451094820000037,
                    "count": 1,
                    "self": 0.000998327000019117,
                    "children": {
                        "RLTrainer._checkpoint": {
                            "total": 0.2441111549999846,
                            "count": 1,