{
    "name": "root",
    "metadata": {
        "timer_format_version": "0.1.0",
        "start_time_seconds": "1716153943",
        "python_version": "3.9.5 (default, May 18 2021, 12:31:01) \n[Clang 10.0.0 ]",
        "command_line_arguments": "/Users/aaronzhang/Block Badminton/venv/bin/mlagents-learn config/trainer_config.yaml --run-id=Test29 --time-scale=1",
        "mlagents_version": "0.30.0",
        "mlagents_envs_version": "0.30.0",
        "communication_protocol_version": "1.5.0",
        "pytorch_version": "1.11.0",
        "numpy_version": "1.21.2",
        "end_time_seconds": "1716154062"
    },
    "total": 119.071097156,
    "count": 1,
    "self": 0.0066513639999925545,
    "children": {
        "run_training.setup": {
            "total": 0.03792209099999999,
            "count": 1,
            "self": 0.03792209099999999
        },
        "TrainerController.start_learning": {
            "total": 119.026523701,
            "count": 1,
            "self": 0.0041482459999997445,
            "children": {
                "TrainerController._reset_env": {
                    "total": 33.885040971,
                    "count": 1,
                    "self": 33.885040971
                },
                "TrainerController.advance": {
                    "total": 84.87278710399998,
                    "count": 181,
                    "self": 0.0037096019999864893,
                    "children": {
                        "env_step": {
                            "total": 84.82976019100002,
                            "count": 181,
                            "self": 84.32793133700005,
                            "children": {
                                "SubprocessEnvManager._take_step": {
                                    "total": 0.4995752029999636,
                                    "count": 181,
                                    "self": 0.03609665399986994,
                                    "children": {
                                        "TorchPolicy.evaluate": {
                                            "total": 0.46347854900009366,
                                            "count": 352,
                                            "self": 0.46347854900009366
                                        }
                                    }
                                },
                                "workers": {
                                    "total": 0.0022536510000037424,
                                    "count": 180,
                                    "self": 0.0,
                                    "children": {
                                        "worker_root": {
                                            "total": 23.492528326999988,
                                            "count": 180,
                                            "is_parallel": true,
                                            "self": 0.7960775030000562,
                                            "children": {
                                                "steps_from_proto": {
                                                    "total": 0.0004739860000029239,
                                                    "count": 2,
                                                    "is_parallel": true,
                                                    "self": 0.00029750000000206,
                                                    "children": {
                                                        "_process_rank_one_or_two_observation": {
                                                            "total": 0.0001764860000008639,
                                                            "count": 4,
                                                            "is_parallel": true,
                                                            "self": 0.0001764860000008639
                                                        }
                                                    }
                                                },
                                                "UnityEnvironment.step": {
                                                    "total": 22.69597683799993,
                                                    "count": 180,
                                                    "is_parallel": true,
                                                    "self": 0.01916401799992684,
                                                    "children": {
                                                        "UnityEnvironment._generate_step_input": {
                                                            "total": 0.013141404000023726,
                                                            "count": 180,
                                                            "is_parallel": true,
                                                            "self": 0.013141404000023726
                                                        },
                                                        "communicator.exchange": {
                                                            "total": 22.574075242000035,
                                                            "count": 180,
                                                            "is_parallel": true,
                                                            "self": 22.574075242000035
                                                        },
                                                        "steps_from_proto": {
                                                            "total": 0.08959617399994357,
                                                            "count": 360,
                                                            "is_parallel": true,
                                                            "self": 0.05981322599990335,
                                                            "children": {
                                                                "_process_rank_one_or_two_observation": {
                                                                    "total": 0.02978294800004022,
                                                                    "count": 720,
                                                                    "is_parallel": true,
                                                                    "self": 0.02978294800004022
                                                                }
                                                            }
                                                        }
                                                    }
                                                }
                                            }
                                        }
                                    }
                                }
                            }
                        },
                        "trainer_advance": {
                            "total": 0.039317310999976485,
                            "count": 180,
                            "self": 0.009503361999904314,
                            "children": {
                                "process_trajectory": {
                                    "total": 0.02981394900007217,
                                    "count": 180,
                                    "self": 0.02981394900007217
                                }
                            }
                        }
                    }
                },
                "TrainerController._save_models": {
                    "total": 0.26454738000001043,
                    "count": 1,
                    "self": 0.0030780980000031377,
                    "children": {
                        "RLTrainer._checkpoint": {
                            "total": 0.2614692820000073,
                            "count": 1,