{"count":1,"self":78.703532799999991,"total":80.0635535,"children":{"InitializeActuators":{"count":1,"self":0.00099779999999999986,"total":0.00099779999999999986,"children":null},"InitializeSensors":{"count":1,"self":0.00099739999999999985,"total":0.00099739999999999985,"children":null},"AgentSendState":{"count":3803,"self":0.0226384,"total":0.076077999999999993,"children":{"CollectObservations":{"count":761,"self":0.0075106,"total":0.0075106,"children":null},"WriteActionMask":{"count":761,"self":0.0010318999999999999,"total":0.0010318999999999999,"children":null},"RequestDecision":{"count":761,"self":0.044897099999999995,"total":0.044897099999999995,"children":null}}},"DecideAction":{"count":3803,"self":1.25099,"total":1.25099,"children":null},"AgentAct":{"count":3803,"self":0.029934899999999997,"total":0.029934899999999997,"children":null}},"gauges":{},"metadata":{"timer_format_version":"0.1.0","start_time_seconds":"1743552763","unity_version":"2022.3.10f1","command_line_arguments":"C:\\Program Files\\Unity\\Hub\\Editor\\2022.3.10f1\\Editor\\Unity.exe -projectpath C:\\Users\\aaron\\BlockBadminton\\block-badminton -useHub -hubIPC -cloudEnvironment production -licensingIpc LicenseClient-aaron -hubSessionId 6d7e20e2-70d1-4dc5-9b1d-af3300064703 -accessToken pK2QrCdxI5LtiLKLMlAIypdwOURrShdSRwWTZt6HFhk003f","communication_protocol_version":"1.5.0","com.unity.ml-agents_version":"2.0.1","scene_name":"GameScene","end_time_seconds":"1743552843"}}