{"count":1,"self":18408.7707648,"total":25044.139796199997,"children":{"InitializeActuators":{"count":50,"self":0.0019984,"total":0.0019984,"children":null},"InitializeSensors":{"count":50,"self":0.0025074999999999997,"total":0.0025074999999999997,"children":null},"AgentSendState":{"count":1067740,"self":55.325881599999995,"total":256.6679511,"children":{"CollectObservations":{"count":10680250,"self":67.01448959999999,"total":67.014488399999991,"children":null},"WriteActionMask":{"count":10680250,"self":11.872567199999999,"total":11.872567,"children":null},"RequestDecision":{"count":10680250,"self":37.7151328,"total":122.4550122,"children":{"AgentInfo.ToProto":{"count":10680250,"self":31.5324864,"total":84.7398795,"children":{"GenerateSensorData":{"count":10680250,"self":53.207392,"total":53.2073926,"children":null}}}}}}},"DecideAction":{"count":1067740,"self":6277.6561664,"total":6277.6560756,"children":null},"AgentAct":{"count":1067740,"self":98.963987199999991,"total":98.9639883,"children":null},"AgentInfo.ToProto":{"count":110626,"self":0.8643788,"total":2.0745484999999997,"children":{"GenerateSensorData":{"count":110626,"self":1.2101697,"total":1.2101697,"children":null}}}},"gauges":{"Badminton.CumulativeReward":{"count":110626,"max":0.95,"min":-11.5451937,"runningAverage":-0.475870162,"value":0.6700001,"weightedAverage":-0.2958861}},"metadata":{"timer_format_version":"0.1.0","start_time_seconds":"1719313526","unity_version":"2022.3.10f1","command_line_arguments":"C:\\Program Files\\Unity\\Hub\\Editor\\2022.3.10f1\\Editor\\Unity.exe -projectpath C:\\Users\\aaron\\BlockBadminton\\block-badminton -useHub -hubIPC -cloudEnvironment production -licensingIpc LicenseClient-aaron -hubSessionId da29608f-347e-4f9a-900b-7b1deded822f -accessToken UKvyyc4N9NwUqPLB1-opNk5Iptl8v_pJnG-50246fWY003f","communication_protocol_version":"1.5.0","com.unity.ml-agents_version":"2.0.1","scene_name":"TrainingScene","end_time_seconds":"1719338571"}}