{"count":1,"self":24983.2259584,"total":32544.479351399998,"children":{"InitializeActuators":{"count":50,"self":0.0030077999999999997,"total":0.0030077999999999997,"children":null},"InitializeSensors":{"count":50,"self":0.0019943,"total":0.0019943,"children":null},"AgentSendState":{"count":1434688,"self":68.3941632,"total":298.64339709999996,"children":{"CollectObservations":{"count":14350450,"self":60.1430016,"total":60.1429987,"children":null},"WriteActionMask":{"count":14350450,"self":16.5754944,"total":16.5754944,"children":null},"RequestDecision":{"count":14350450,"self":48.810767999999996,"total":153.530742,"children":{"AgentInfo.ToProto":{"count":14350450,"self":41.2035712,"total":104.71997449999999,"children":{"GenerateSensorData":{"count":14350450,"self":63.5164032,"total":63.5164021,"children":null}}}}}}},"DecideAction":{"count":1434688,"self":7138.4563712,"total":7138.4562781999994,"children":null},"AgentAct":{"count":1434688,"self":121.7784576,"total":121.7784628,"children":null},"AgentInfo.ToProto":{"count":124304,"self":1.0313794,"total":2.3697182,"children":{"GenerateSensorData":{"count":124304,"self":1.3383387999999998,"total":1.3383387999999998,"children":null}}}},"gauges":{"Badminton.CumulativeReward":{"count":124304,"max":1.96000051,"min":-10.4641943,"runningAverage":-0.6234038,"value":-0.7020234,"weightedAverage":-1.41622639}},"metadata":{"timer_format_version":"0.1.0","start_time_seconds":"1716312738","unity_version":"2022.3.10f1","command_line_arguments":"C:\\Program Files\\Unity\\Hub\\Editor\\2022.3.10f1\\Editor\\Unity.exe -projectpath C:\\Users\\aaron\\BlockBadminton\\block-badminton -useHub -hubIPC -cloudEnvironment production -licensingIpc LicenseClient-aaron -hubSessionId 56a5cd58-047d-491d-8bc3-4e4b4dca33c1 -accessToken 76HcswzysYhv-KnN9j1M5Ng-oKNKO8J2mXGel0pQ0Jw003f","communication_protocol_version":"1.5.0","com.unity.ml-agents_version":"2.0.1","scene_name":"TrainingScene","end_time_seconds":"1716345282"}}