{"count":1,"self":48.1000352,"total":52.9382488,"children":{"InitializeActuators":{"count":50,"self":0.0010435,"total":0.0010435,"children":null},"InitializeSensors":{"count":50,"self":0.00099739999999999985,"total":0.00099739999999999985,"children":null},"AgentSendState":{"count":2379,"self":0.0966215,"total":0.21909099999999998,"children":{"CollectObservations":{"count":23800,"self":0.073721399999999992,"total":0.073721399999999992,"children":null},"WriteActionMask":{"count":23800,"self":0.019958899999999998,"total":0.019958899999999998,"children":null},"RequestDecision":{"count":23800,"self":0.028789199999999997,"total":0.028789199999999997,"children":null}}},"DecideAction":{"count":2379,"self":4.3810664,"total":4.3810665,"children":null},"AgentAct":{"count":2379,"self":0.2360154,"total":0.2360154,"children":null}},"gauges":{"My Behavior.CumulativeReward":{"count":1122,"max":0.893999934,"min":-1.2440002,"runningAverage":-0.135850415,"value":0.8559998,"weightedAverage":-0.02201803}},"metadata":{"timer_format_version":"0.1.0","start_time_seconds":"1717730590","unity_version":"2022.3.10f1","command_line_arguments":"C:\\Program Files\\Unity\\Hub\\Editor\\2022.3.10f1\\Editor\\Unity.exe -projectpath C:\\Users\\aaron\\BlockBadminton\\block-badminton -useHub -hubIPC -cloudEnvironment production -licensingIpc LicenseClient-aaron -hubSessionId c265533e-9a91-4fa4-98cb-bfeac47cfcd1 -accessToken QPR7Gr_4GRuIiShddJKhprm6WWthUB4CsuY2MVAXhCI003f","communication_protocol_version":"1.5.0","com.unity.ml-agents_version":"2.0.1","scene_name":"TrainingScene","end_time_seconds":"1717730643"}}