{"count":1,"self":647.39394559999994,"total":935.8808401,"children":{"InitializeActuators":{"count":50,"self":0.0010023999999999999,"total":0.0010023999999999999,"children":null},"InitializeSensors":{"count":50,"self":0.0035521999999999997,"total":0.0035521999999999997,"children":null},"AgentSendState":{"count":38076,"self":1.6639494,"total":8.0759993999999988,"children":{"CollectObservations":{"count":380850,"self":2.1423267999999998,"total":2.1423269,"children":null},"WriteActionMask":{"count":380850,"self":0.38528399999999996,"total":0.38528399999999996,"children":null},"RequestDecision":{"count":380850,"self":1.1490766,"total":3.8844391,"children":{"AgentInfo.ToProto":{"count":380850,"self":0.9883942,"total":2.7353625,"children":{"GenerateSensorData":{"count":380850,"self":1.7469683999999999,"total":1.7469683,"children":null}}}}}}},"DecideAction":{"count":38076,"self":274.6871296,"total":274.6871352,"children":null},"AgentAct":{"count":38076,"self":5.4064055999999994,"total":5.4064057,"children":null},"AgentInfo.ToProto":{"count":20432,"self":0.12908129999999998,"total":0.3117758,"children":{"GenerateSensorData":{"count":20432,"self":0.18269449999999998,"total":0.18269449999999998,"children":null}}}},"gauges":{"Badminton.CumulativeReward":{"count":20432,"max":1,"min":-1,"runningAverage":-5.61579169E-12,"value":1,"weightedAverage":0.0658340454}},"metadata":{"timer_format_version":"0.1.0","start_time_seconds":"1717785900","unity_version":"2022.3.10f1","command_line_arguments":"C:\\Program Files\\Unity\\Hub\\Editor\\2022.3.10f1\\Editor\\Unity.exe -projectpath C:\\Users\\aaron\\BlockBadminton\\block-badminton -useHub -hubIPC -cloudEnvironment production -licensingIpc LicenseClient-aaron -hubSessionId c265533e-9a91-4fa4-98cb-bfeac47cfcd1 -accessToken QPR7Gr_4GRuIiShddJKhprm6WWthUB4CsuY2MVAXhCI003f","communication_protocol_version":"1.5.0","com.unity.ml-agents_version":"2.0.1","scene_name":"TrainingScene","end_time_seconds":"1717786836"}}