{
    "name": "root",
    "metadata": {
        "timer_format_version": "0.1.0",
        "start_time_seconds": "1716154290",
        "python_version": "3.9.5 (default, May 18 2021, 12:31:01) \n[Clang 10.0.0 ]",
        "command_line_arguments": "/Users/aaronzhang/Block Badminton/venv/bin/mlagents-learn config/trainer_config.yaml --run-id=Test31 --time-scale=1",
        "mlagents_version": "0.30.0",
        "mlagents_envs_version": "0.30.0",
        "communication_protocol_version": "1.5.0",
        "pytorch_version": "1.11.0",
        "numpy_version": "1.21.2",
        "end_time_seconds": "1716154401"
    },
    "total": 110.90777524299999,
    "count": 1,
    "self": 0.007380842999992865,
    "children": {
        "run_training.setup": {
            "total": 0.03675503799999991,
            "count": 1,
            "self": 0.03675503799999991
        },
        "TrainerController.start_learning": {
            "total": 110.863639362,
            "count": 1,
            "self": 0.009658402000056299,
            "children": {
                "TrainerController._reset_env": {
                    "total": 31.027821059000004,
                    "count": 1,
                    "self": 31.027821059000004
                },
                "TrainerController.advance": {
                    "total": 79.64624548299994,
                    "count": 487,
                    "self": 0.008490058000163003,
                    "children": {
                        "env_step": {
                            "total": 79.57457366799986,
                            "count": 487,
                            "self": 78.6411904969999,
                            "children": {
                                "SubprocessEnvManager._take_step": {
                                    "total": 0.9275294840000328,
                                    "count": 487,
                                    "self": 0.03951579600032318,
                                    "children": {
                                        "TorchPolicy.evaluate": {
                                            "total": 0.8880136879997096,
                                            "count": 948,
                                            "self": 0.8880136879997096
                                        }
                                    }
                                },
                                "workers": {
                                    "total": 0.005853686999927277,
                                    "count": 486,
                                    "self": 0.0,
                                    "children": {
                                        "worker_root": {
                                            "total": 50.31698603999985,
                                            "count": 486,
                                            "is_parallel": true,
                                            "self": 1.510739382999823,
                                            "children": {
                                                "steps_from_proto": {
                                                    "total": 0.0006204310000015312,
                                                    "count": 2,
                                                    "is_parallel": true,
                                                    "self": 0.00037112200000422035,
                                                    "children": {
                                                        "_process_rank_one_or_two_observation": {
                                                            "total": 0.0002493089999973108,
                                                            "count": 4,
                                                            "is_parallel": true,
                                                            "self": 0.0002493089999973108
                                                        }
                                                    }
                                                },
                                                "UnityEnvironment.step": {
                                                    "total": 48.80562622600002,
                                                    "count": 486,
                                                    "is_parallel": true,
                                                    "self": 0.04301333699970655,
                                                    "children": {
                                                        "UnityEnvironment._generate_step_input": {
                                                            "total": 0.03181555200005093,
                                                            "count": 486,
                                                            "is_parallel": true,
                                                            "self": 0.03181555200005093
                                                        },
                                                        "communicator.exchange": {
                                                            "total": 48.51963130000018,
                                                            "count": 486,
                                                            "is_parallel": true,
                                                            "self": 48.51963130000018
                                                        },
                                                        "steps_from_proto": {
                                                            "total": 0.2111660370000905,
                                                            "count": 972,
                                                            "is_parallel": true,
                                                            "self": 0.138919723000285,
                                                            "children": {
                                                                "_process_rank_one_or_two_observation": {
                                                                    "total": 0.07224631399980552,
                                                                    "count": 1944,
                                                                    "is_parallel": true,
                                                                    "self": 0.07224631399980552
                                                                }
                                                            }
                                                        }
                                                    }
                                                }
                                            }
                                        }
                                    }
                                }
                            }
                        },
                        "trainer_advance": {
                            "total": 0.06318175699992423,
                            "count": 486,
                            "self": 0.024276033999875324,
                            "children": {
                                "process_trajectory": {
                                    "total": 0.03890572300004891,
                                    "count": 486,
                                    "self": 0.03890572300004891
                                }
                            }
                        }
                    }
                },
                "trainer_threads": {
                    "total": 2.0770000048742077e-06,
                    "count": 1,
                    "self": 2.0770000048742077e-06
                },
                "TrainerController._save_models": {
                    "total": 0.17991234099999076,
                    "count": 1,
                    "self": 0.0008928329999946527,