{
    "name": "root",
    "metadata": {
        "timer_format_version": "0.1.0",
        "start_time_seconds": "1716082721",
        "python_version": "3.9.5 (default, May 18 2021, 12:31:01) \n[Clang 10.0.0 ]",
        "command_line_arguments": "/Users/aaronzhang/Block Badminton/venv/bin/mlagents-learn --time-scale=1 --run-id=Test12",
        "mlagents_version": "0.30.0",
        "mlagents_envs_version": "0.30.0",
        "communication_protocol_version": "1.5.0",
        "pytorch_version": "1.11.0",
        "numpy_version": "1.21.2",
        "end_time_seconds": "1716082835"
    },
    "total": 114.853073105,
    "count": 1,
    "self": 0.010059968000007302,
    "children": {
        "run_training.setup": {
            "total": 0.03971844700000027,
            "count": 1,
            "self": 0.03971844700000027
        },
        "TrainerController.start_learning": {
            "total": 114.80329469,
            "count": 1,
            "self": 0.005436108999973044,
            "children": {
                "TrainerController._reset_env": {
                    "total": 18.932454552,
                    "count": 1,
                    "self": 18.932454552
                },
                "TrainerController.advance": {
                    "total": 95.53284200500003,
                    "count": 274,
                    "self": 0.005245661999978779,
                    "children": {
                        "env_step": {
                            "total": 95.48489544500003,
                            "count": 274,
                            "self": 95.12658070500007,
                            "children": {
                                "SubprocessEnvManager._take_step": {
                                    "total": 0.3552376089999747,
                                    "count": 274,
                                    "self": 0.012731008000006483,
                                    "children": {
                                        "TorchPolicy.evaluate": {
                                            "total": 0.3425066009999682,
                                            "count": 269,
                                            "self": 0.3425066009999682
                                        }
                                    }
                                },
                                "workers": {
                                    "total": 0.0030771309999977348,
                                    "count": 273,
                                    "self": 0.0,
                                    "children": {
                                        "worker_root": {
                                            "total": 33.47149415000006,
                                            "count": 273,
                                            "is_parallel": true,
                                            "self": 0.6631491910001088,
                                            "children": {
                                                "steps_from_proto": {
                                                    "total": 0.0030926320000013163,
                                                    "count": 1,
                                                    "is_parallel": true,
                                                    "self": 0.0013779039999981535,
                                                    "children": {
                                                        "_process_rank_one_or_two_observation": {
                                                            "total": 0.0017147280000031628,
                                                            "count": 2,
                                                            "is_parallel": true,
                                                            "self": 0.0017147280000031628
                                                        }
                                                    }
                                                },
                                                "UnityEnvironment.step": {
                                                    "total": 32.805252326999955,
                                                    "count": 273,
                                                    "is_parallel": true,
                                                    "self": 0.020385197999935656,
                                                    "children": {
                                                        "UnityEnvironment._generate_step_input": {
                                                            "total": 0.017936331000058203,
                                                            "count": 273,
                                                            "is_parallel": true,
                                                            "self": 0.017936331000058203
                                                        },
                                                        "communicator.exchange": {
                                                            "total": 32.69463196599995,
                                                            "count": 273,
                                                            "is_parallel": true,
                                                            "self": 32.69463196599995
                                                        },
                                                        "steps_from_proto": {
                                                            "total": 0.07229883200001197,
                                                            "count": 273,
                                                            "is_parallel": true,
                                                            "self": 0.043809006999993017,
                                                            "children": {
                                                                "_process_rank_one_or_two_observation": {
                                                                    "total": 0.028489825000018953,
                                                                    "count": 546,
                                                                    "is_parallel": true,
                                                                    "self": 0.028489825000018953
                                                                }
                                                            }
                                                        }
                                                    }
                                                }
                                            }
                                        }
                                    }
                                }
                            }
                        },
                        "trainer_advance": {
                            "total": 0.04270089800002452,
                            "count": 273,
                            "self": 0.0052060429999976066,
                            "children": {
                                "process_trajectory": {
                                    "total": 0.037494855000026917,
                                    "count": 273,
                                    "self": 0.037494855000026917
                                }
                            }
                        }
                    }
                },
                "TrainerController._save_models": {
                    "total": 0.3325620239999978,
                    "count": 1,
                    "self": 0.0038545889999852534,
                    "children": {
                        "RLTrainer._checkpoint": {
                            "total": 0.32870743500001254,
                            "count": 1,