{
    "name": "root",
    "metadata": {
        "timer_format_version": "0.1.0",
        "start_time_seconds": "1716086728",
        "python_version": "3.9.5 (default, May 18 2021, 12:31:01) \n[Clang 10.0.0 ]",
        "command_line_arguments": "/Users/aaronzhang/Block Badminton/venv/bin/mlagents-learn --time-scale=1 --run-id=Test20",
        "mlagents_version": "0.30.0",
        "mlagents_envs_version": "0.30.0",
        "communication_protocol_version": "1.5.0",
        "pytorch_version": "1.11.0",
        "numpy_version": "1.21.2",
        "end_time_seconds": "1716086892"
    },
    "total": 164.26154576599998,
    "count": 1,
    "self": 0.010237123999985442,
    "children": {
        "run_training.setup": {
            "total": 0.0346446170000001,
            "count": 1,
            "self": 0.0346446170000001
        },
        "TrainerController.start_learning": {
            "total": 164.216664025,
            "count": 1,
            "self": 0.011947120000087352,
            "children": {
                "TrainerController._reset_env": {
                    "total": 36.48962887,
                    "count": 1,
                    "self": 36.48962887
                },
                "TrainerController.advance": {
                    "total": 127.3233205799999,
                    "count": 601,
                    "self": 0.010817544999994766,
                    "children": {
                        "env_step": {
                            "total": 127.20350474899982,
                            "count": 601,
                            "self": 126.49898641999982,
                            "children": {
                                "SubprocessEnvManager._take_step": {
                                    "total": 0.6973044760000917,
                                    "count": 601,
                                    "self": 0.026961544000180027,
                                    "children": {
                                        "TorchPolicy.evaluate": {
                                            "total": 0.6703429319999117,
                                            "count": 582,
                                            "self": 0.6703429319999117
                                        }
                                    }
                                },
                                "workers": {
                                    "total": 0.007213852999903736,
                                    "count": 600,
                                    "self": 0.0,
                                    "children": {
                                        "worker_root": {
                                            "total": 66.09398108399988,
                                            "count": 600,
                                            "is_parallel": true,
                                            "self": 1.3825169419998957,
                                            "children": {
                                                "steps_from_proto": {
                                                    "total": 0.0035437480000055643,
                                                    "count": 1,
                                                    "is_parallel": true,
                                                    "self": 0.0019309540000094216,
                                                    "children": {
                                                        "_process_rank_one_or_two_observation": {
                                                            "total": 0.0016127939999961427,
                                                            "count": 2,
                                                            "is_parallel": true,
                                                            "self": 0.0016127939999961427
                                                        }
                                                    }
                                                },
                                                "UnityEnvironment.step": {
                                                    "total": 64.70792039399998,
                                                    "count": 600,
                                                    "is_parallel": true,
                                                    "self": 0.045220682000049806,
                                                    "children": {
                                                        "UnityEnvironment._generate_step_input": {
                                                            "total": 0.039746264999905634,
                                                            "count": 600,
                                                            "is_parallel": true,
                                                            "self": 0.039746264999905634
                                                        },
                                                        "communicator.exchange": {
                                                            "total": 64.46221436100004,
                                                            "count": 600,
                                                            "is_parallel": true,
                                                            "self": 64.46221436100004
                                                        },
                                                        "steps_from_proto": {
                                                            "total": 0.16073908599999243,
                                                            "count": 600,
                                                            "is_parallel": true,
                                                            "self": 0.09890683500008635,
                                                            "children": {
                                                                "_process_rank_one_or_two_observation": {
                                                                    "total": 0.06183225099990608,
                                                                    "count": 1200,
                                                                    "is_parallel": true,
                                                                    "self": 0.06183225099990608
                                                                }
                                                            }
                                                        }
                                                    }
                                                }
                                            }
                                        }
                                    }
                                }
                            }
                        },
                        "trainer_advance": {
                            "total": 0.10899828600008732,
                            "count": 600,
                            "self": 0.01286173800001933,
                            "children": {
                                "process_trajectory": {
                                    "total": 0.09613654800006799,
                                    "count": 600,
                                    "self": 0.09613654800006799
                                }
                            }
                        }
                    }
                },
                "TrainerController._save_models": {
                    "total": 0.3917674550000072,
                    "count": 1,
                    "self": 0.0027151420000279813,
                    "children": {
                        "RLTrainer._checkpoint": {
                            "total": 0.3890523129999792,
                            "count": 1,