{
    "name": "root",
    "metadata": {
        "timer_format_version": "0.1.0",
        "start_time_seconds": "1716083800",
        "python_version": "3.9.5 (default, May 18 2021, 12:31:01) \n[Clang 10.0.0 ]",
        "command_line_arguments": "/Users/aaronzhang/Block Badminton/venv/bin/mlagents-learn --time-scale=1 --run-id=Test15",
        "mlagents_version": "0.30.0",
        "mlagents_envs_version": "0.30.0",
        "communication_protocol_version": "1.5.0",
        "pytorch_version": "1.11.0",
        "numpy_version": "1.21.2",
        "end_time_seconds": "1716083923"
    },
    "total": 122.74270141999999,
    "count": 1,
    "self": 0.007717303999996261,
    "children": {
        "run_training.setup": {
            "total": 0.03828468099999993,
            "count": 1,
            "self": 0.03828468099999993
        },
        "TrainerController.start_learning": {
            "total": 122.696699435,
            "count": 1,
            "self": 0.0059162430000014865,
            "children": {
                "TrainerController._reset_env": {
                    "total": 20.838521725,
                    "count": 1,
                    "self": 20.838521725
                },
                "TrainerController.advance": {
                    "total": 101.606348543,
                    "count": 299,
                    "self": 0.0057137300000249525,
                    "children": {
                        "env_step": {
                            "total": 101.543981976,
                            "count": 299,
                            "self": 101.16408683300008,
                            "children": {
                                "SubprocessEnvManager._take_step": {
                                    "total": 0.37642199900000506,
                                    "count": 299,
                                    "self": 0.01309470899997578,
                                    "children": {
                                        "TorchPolicy.evaluate": {
                                            "total": 0.3633272900000293,
                                            "count": 293,
                                            "self": 0.3633272900000293
                                        }
                                    }
                                },
                                "workers": {
                                    "total": 0.0034731439999049485,
                                    "count": 298,
                                    "self": 0.0,
                                    "children": {
                                        "worker_root": {
                                            "total": 40.322059432999986,
                                            "count": 298,
                                            "is_parallel": true,
                                            "self": 0.73355556500006,
                                            "children": {
                                                "steps_from_proto": {
                                                    "total": 0.0029350269999994794,
                                                    "count": 1,
                                                    "is_parallel": true,
                                                    "self": 0.0014067720000028316,
                                                    "children": {
                                                        "_process_rank_one_or_two_observation": {
                                                            "total": 0.0015282549999966477,
                                                            "count": 2,
                                                            "is_parallel": true,
                                                            "self": 0.0015282549999966477
                                                        }
                                                    }
                                                },
                                                "UnityEnvironment.step": {
                                                    "total": 39.585568840999926,
                                                    "count": 298,
                                                    "is_parallel": true,
                                                    "self": 0.022081106999920053,
                                                    "children": {
                                                        "UnityEnvironment._generate_step_input": {
                                                            "total": 0.01899285900000791,
                                                            "count": 298,
                                                            "is_parallel": true,
                                                            "self": 0.01899285900000791
                                                        },
                                                        "communicator.exchange": {
                                                            "total": 39.46443795499998,
                                                            "count": 298,
                                                            "is_parallel": true,
                                                            "self": 39.46443795499998
                                                        },
                                                        "steps_from_proto": {
                                                            "total": 0.08005692000001474,
                                                            "count": 298,
                                                            "is_parallel": true,
                                                            "self": 0.048093781999984486,
                                                            "children": {
                                                                "_process_rank_one_or_two_observation": {
                                                                    "total": 0.031963138000030256,
                                                                    "count": 596,
                                                                    "is_parallel": true,
                                                                    "self": 0.031963138000030256
                                                                }
                                                            }
                                                        }
                                                    }
                                                }
                                            }
                                        }
                                    }
                                }
                            }
                        },
                        "trainer_advance": {
                            "total": 0.05665283699996593,
                            "count": 298,
                            "self": 0.006712573999919869,
                            "children": {
                                "process_trajectory": {
                                    "total": 0.04994026300004606,
                                    "count": 298,
                                    "self": 0.04994026300004606
                                }
                            }
                        }
                    }
                },
                "TrainerController._save_models": {
                    "total": 0.24591292400000953,
                    "count": 1,
                    "self": 0.0013304190000127392,
                    "children": {
                        "RLTrainer._checkpoint": {
                            "total": 0.24458250499999679,
                            "count": 1,