{
    "name": "root",
    "metadata": {
        "timer_format_version": "0.1.0",
        "start_time_seconds": "1716083101",
        "python_version": "3.9.5 (default, May 18 2021, 12:31:01) \n[Clang 10.0.0 ]",
        "command_line_arguments": "/Users/aaronzhang/Block Badminton/venv/bin/mlagents-learn --time-scale=1 --run-id=Test13",
        "mlagents_version": "0.30.0",
        "mlagents_envs_version": "0.30.0",
        "communication_protocol_version": "1.5.0",
        "pytorch_version": "1.11.0",
        "numpy_version": "1.21.2",
        "end_time_seconds": "1716083252"
    },
    "total": 150.820246277,
    "count": 1,
    "self": 0.007564021000007415,
    "children": {
        "run_training.setup": {
            "total": 0.037933172999999876,
            "count": 1,
            "self": 0.037933172999999876
        },
        "TrainerController.start_learning": {
            "total": 150.774749083,
            "count": 1,
            "self": 0.013443824000063387,
            "children": {
                "TrainerController._reset_env": {
                    "total": 17.563738426,
                    "count": 1,
                    "self": 17.563738426
                },
                "TrainerController.advance": {
                    "total": 132.77477331999995,
                    "count": 663,
                    "self": 0.011915571000145064,
                    "children": {
                        "env_step": {
                            "total": 132.66384546499984,
                            "count": 663,
                            "self": 131.9276521550002,
                            "children": {
                                "SubprocessEnvManager._take_step": {
                                    "total": 0.7280059049996872,
                                    "count": 663,
                                    "self": 0.02908947599967604,
                                    "children": {
                                        "TorchPolicy.evaluate": {
                                            "total": 0.6989164290000112,
                                            "count": 651,
                                            "self": 0.6989164290000112
                                        }
                                    }
                                },
                                "workers": {
                                    "total": 0.008187404999933534,
                                    "count": 662,
                                    "self": 0.0,
                                    "children": {
                                        "worker_root": {
                                            "total": 71.51138055300015,
                                            "count": 662,
                                            "is_parallel": true,
                                            "self": 1.4336823730001527,
                                            "children": {
                                                "steps_from_proto": {
                                                    "total": 0.0007681529999992165,
                                                    "count": 1,
                                                    "is_parallel": true,
                                                    "self": 0.000247524999998916,
                                                    "children": {
                                                        "_process_rank_one_or_two_observation": {
                                                            "total": 0.0005206280000003005,
                                                            "count": 2,
                                                            "is_parallel": true,
                                                            "self": 0.0005206280000003005
                                                        }
                                                    }
                                                },
                                                "UnityEnvironment.step": {
                                                    "total": 70.076930027,
                                                    "count": 662,
                                                    "is_parallel": true,
                                                    "self": 0.04915104200017595,
                                                    "children": {
                                                        "UnityEnvironment._generate_step_input": {
                                                            "total": 0.04200251499972296,
                                                            "count": 662,
                                                            "is_parallel": true,
                                                            "self": 0.04200251499972296
                                                        },
                                                        "communicator.exchange": {
                                                            "total": 69.80706529900012,
                                                            "count": 662,
                                                            "is_parallel": true,
                                                            "self": 69.80706529900012
                                                        },
                                                        "steps_from_proto": {
                                                            "total": 0.17871117099998202,
                                                            "count": 662,
                                                            "is_parallel": true,
                                                            "self": 0.11039305699982549,
                                                            "children": {
                                                                "_process_rank_one_or_two_observation": {
                                                                    "total": 0.06831811400015653,
                                                                    "count": 1324,
                                                                    "is_parallel": true,
                                                                    "self": 0.06831811400015653
                                                                }
                                                            }
                                                        }
                                                    }
                                                }
                                            }
                                        }
                                    }
                                }
                            }
                        },
                        "trainer_advance": {
                            "total": 0.09901228399997208,
                            "count": 662,
                            "self": 0.01386108599993463,
                            "children": {
                                "process_trajectory": {
                                    "total": 0.08515119800003745,
                                    "count": 662,
                                    "self": 0.08515119800003745
                                }
                            }
                        }
                    }
                },
                "TrainerController._save_models": {
                    "total": 0.4227935129999878,
                    "count": 1,
                    "self": 0.004639064000002691,
                    "children": {
                        "RLTrainer._checkpoint": {
                            "total": 0.4181544489999851,
                            "count": 1,
                            "self": 0.4181544489999851
                        }
                    }
                }
            }
        }
    }
}