{
    "name": "root",
    "metadata": {
        "timer_format_version": "0.1.0",
        "start_time_seconds": "1716084978",
        "python_version": "3.9.5 (default, May 18 2021, 12:31:01) \n[Clang 10.0.0 ]",
        "command_line_arguments": "/Users/aaronzhang/Block Badminton/venv/bin/mlagents-learn --time-scale=1 --run-id=Test17",
        "mlagents_version": "0.30.0",
        "mlagents_envs_version": "0.30.0",
        "communication_protocol_version": "1.5.0",
        "pytorch_version": "1.11.0",
        "numpy_version": "1.21.2",
        "end_time_seconds": "1716085094"
    },
    "total": 116.30298268899999,
    "count": 1,
    "self": 0.00992361699998412,
    "children": {
        "run_training.setup": {
            "total": 0.037655506000000116,
            "count": 1,
            "self": 0.037655506000000116
        },
        "TrainerController.start_learning": {
            "total": 116.255403566,
            "count": 1,
            "self": 0.005031722000097716,
            "children": {
                "TrainerController._reset_env": {
                    "total": 22.384459820000004,
                    "count": 1,
                    "self": 22.384459820000004
                },
                "TrainerController.advance": {
                    "total": 93.6106594849999,
                    "count": 252,
                    "self": 0.00477542299977074,
                    "children": {
                        "env_step": {
                            "total": 93.56584633500003,
                            "count": 252,
                            "self": 93.26208775800009,
                            "children": {
                                "SubprocessEnvManager._take_step": {
                                    "total": 0.30084459300001143,
                                    "count": 252,
                                    "self": 0.011375431000061553,
                                    "children": {
                                        "TorchPolicy.evaluate": {
                                            "total": 0.2894691619999499,
                                            "count": 249,
                                            "self": 0.2894691619999499
                                        }
                                    }
                                },
                                "workers": {
                                    "total": 0.002913983999928149,
                                    "count": 251,
                                    "self": 0.0,
                                    "children": {
                                        "worker_root": {
                                            "total": 31.946554607000035,
                                            "count": 251,
                                            "is_parallel": true,
                                            "self": 0.5850123770000621,
                                            "children": {
                                                "steps_from_proto": {
                                                    "total": 0.0029773389999974142,
                                                    "count": 1,
                                                    "is_parallel": true,
                                                    "self": 0.001480593999996671,
                                                    "children": {
                                                        "_process_rank_one_or_two_observation": {
                                                            "total": 0.0014967450000007432,
                                                            "count": 2,
                                                            "is_parallel": true,
                                                            "self": 0.0014967450000007432
                                                        }
                                                    }
                                                },
                                                "UnityEnvironment.step": {
                                                    "total": 31.358564890999975,
                                                    "count": 251,
                                                    "is_parallel": true,
                                                    "self": 0.018521596999988788,
                                                    "children": {
                                                        "UnityEnvironment._generate_step_input": {
                                                            "total": 0.016895268999974178,
                                                            "count": 251,
                                                            "is_parallel": true,
                                                            "self": 0.016895268999974178
                                                        },
                                                        "communicator.exchange": {
                                                            "total": 31.255981290999994,
                                                            "count": 251,
                                                            "is_parallel": true,
                                                            "self": 31.255981290999994
                                                        },
                                                        "steps_from_proto": {
                                                            "total": 0.06716673400001838,
                                                            "count": 251,
                                                            "is_parallel": true,
                                                            "self": 0.04102955299993738,
                                                            "children": {
                                                                "_process_rank_one_or_two_observation": {
                                                                    "total": 0.026137181000081,
                                                                    "count": 502,
                                                                    "is_parallel": true,
                                                                    "self": 0.026137181000081
                                                                }
                                                            }
                                                        }
                                                    }
                                                }
                                            }
                                        }
                                    }
                                }
                            }
                        },
                        "trainer_advance": {
                            "total": 0.04003772700010089,
                            "count": 251,
                            "self": 0.005206759000049743,
                            "children": {
                                "process_trajectory": {
                                    "total": 0.03483096800005114,
                                    "count": 251,
                                    "self": 0.03483096800005114
                                }
                            }
                        }
                    }
                },
                "TrainerController._save_models": {
                    "total": 0.2552525389999971,
                    "count": 1,
                    "self": 0.0025854559999913818,
                    "children": {
                        "RLTrainer._checkpoint": {
                            "total": 0.25266708300000573,
                            "count": 1,