{
    "name": "root",
    "metadata": {
        "timer_format_version": "0.1.0",
        "start_time_seconds": "1716157335",
        "python_version": "3.9.5 (default, May 18 2021, 12:31:01) \n[Clang 10.0.0 ]",
        "command_line_arguments": "/Users/aaronzhang/Block Badminton/venv/bin/mlagents-learn config/trainer_config.yaml --run-id=Test36 --time-scale=0.5",
        "mlagents_version": "0.30.0",
        "mlagents_envs_version": "0.30.0",
        "communication_protocol_version": "1.5.0",
        "pytorch_version": "1.11.0",
        "numpy_version": "1.21.2",
        "end_time_seconds": "1716157451"
    },
    "total": 115.950046066,
    "count": 1,
    "self": 0.006414837999997758,
    "children": {
        "run_training.setup": {
            "total": 0.03845685500000018,
            "count": 1,
            "self": 0.03845685500000018
        },
        "TrainerController.start_learning": {
            "total": 115.905174373,
            "count": 1,
            "self": 0.004140829999997209,
            "children": {
                "TrainerController._reset_env": {
                    "total": 29.853534630999995,
                    "count": 1,
                    "self": 29.853534630999995
                },
                "TrainerController.advance": {
                    "total": 85.823656739,
                    "count": 208,
                    "self": 0.0036582530000259794,
                    "children": {
                        "env_step": {
                            "total": 85.782475127,
                            "count": 208,
                            "self": 85.35811777400004,
                            "children": {
                                "SubprocessEnvManager._take_step": {
                                    "total": 0.4220915989999767,
                                    "count": 208,
                                    "self": 0.016015754000029858,
                                    "children": {
                                        "TorchPolicy.evaluate": {
                                            "total": 0.40607584499994687,
                                            "count": 400,
                                            "self": 0.40607584499994687
                                        }
                                    }
                                },
                                "workers": {
                                    "total": 0.0022657539999855203,
                                    "count": 207,
                                    "self": 0.0,
                                    "children": {
                                        "worker_root": {
                                            "total": 24.568006255999975,
                                            "count": 207,
                                            "is_parallel": true,
                                            "self": 0.6936675050000396,
                                            "children": {
                                                "steps_from_proto": {
                                                    "total": 0.0005127599999994459,
                                                    "count": 2,
                                                    "is_parallel": true,
                                                    "self": 0.0003349439999986714,
                                                    "children": {
                                                        "_process_rank_one_or_two_observation": {
                                                            "total": 0.00017781600000077447,
                                                            "count": 4,
                                                            "is_parallel": true,
                                                            "self": 0.00017781600000077447
                                                        }
                                                    }
                                                },
                                                "UnityEnvironment.step": {
                                                    "total": 23.873825990999936,
                                                    "count": 207,
                                                    "is_parallel": true,
                                                    "self": 0.017573521999810993,
                                                    "children": {
                                                        "UnityEnvironment._generate_step_input": {
                                                            "total": 0.013004713000064783,
                                                            "count": 207,
                                                            "is_parallel": true,
                                                            "self": 0.013004713000064783
                                                        },
                                                        "communicator.exchange": {
                                                            "total": 23.760755294000035,
                                                            "count": 207,
                                                            "is_parallel": true,
                                                            "self": 23.760755294000035
                                                        },
                                                        "steps_from_proto": {
                                                            "total": 0.08249246200002602,
                                                            "count": 414,
                                                            "is_parallel": true,
                                                            "self": 0.05468804599998833,
                                                            "children": {
                                                                "_process_rank_one_or_two_observation": {
                                                                    "total": 0.02780441600003769,
                                                                    "count": 828,
                                                                    "is_parallel": true,
                                                                    "self": 0.02780441600003769
                                                                }
                                                            }
                                                        }
                                                    }
                                                }
                                            }
                                        }
                                    }
                                }
                            }
                        },
                        "trainer_advance": {
                            "total": 0.037523358999983714,
                            "count": 207,
                            "self": 0.010072805000014284,
                            "children": {
                                "process_trajectory": {
                                    "total": 0.02745055399996943,
                                    "count": 207,
                                    "self": 0.02745055399996943
                                }
                            }
                        }
                    }
                },
                "TrainerController._save_models": {
                    "total": 0.2238421729999942,
                    "count": 1,
                    "self": 0.0007727189999968687,
                    "children": {
                        "RLTrainer._checkpoint": {
                            "total": 0.22306945399999734,
                            "count": 1,