{
    "name": "root",
    "metadata": {
        "timer_format_version": "0.1.0",
        "start_time_seconds": "1716081291",
        "python_version": "3.9.5 (default, May 18 2021, 12:31:01) \n[Clang 10.0.0 ]",
        "command_line_arguments": "/Users/aaronzhang/Block Badminton/venv/bin/mlagents-learn --time-scale=1 --run-id=Test10",
        "mlagents_version": "0.30.0",
        "mlagents_envs_version": "0.30.0",
        "communication_protocol_version": "1.5.0",
        "pytorch_version": "1.11.0",
        "numpy_version": "1.21.2",
        "end_time_seconds": "1716081431"
    },
    "total": 140.643308955,
    "count": 1,
    "self": 0.006809709999998859,
    "children": {
        "run_training.setup": {
            "total": 0.038674646000000035,
            "count": 1,
            "self": 0.038674646000000035
        },
        "TrainerController.start_learning": {
            "total": 140.597824599,
            "count": 1,
            "self": 0.010395009999996319,
            "children": {
                "TrainerController._reset_env": {
                    "total": 18.22679511,
                    "count": 1,
                    "self": 18.22679511
                },
                "TrainerController.advance": {
                    "total": 122.10306325100001,
                    "count": 556,
                    "self": 0.010651553000144531,
                    "children": {
                        "env_step": {
                            "total": 122.02733489099998,
                            "count": 556,
                            "self": 121.39099816999989,
                            "children": {
                                "SubprocessEnvManager._take_step": {
                                    "total": 0.6296660059999972,
                                    "count": 556,
                                    "self": 0.026156389999972163,
                                    "children": {
                                        "TorchPolicy.evaluate": {
                                            "total": 0.6035096160000251,
                                            "count": 556,
                                            "self": 0.6035096160000251
                                        }
                                    }
                                },
                                "workers": {
                                    "total": 0.006670715000094418,
                                    "count": 555,
                                    "self": 0.0,
                                    "children": {
                                        "worker_root": {
                                            "total": 61.09711807299992,
                                            "count": 555,
                                            "is_parallel": true,
                                            "self": 1.1926211849997586,
                                            "children": {
                                                "steps_from_proto": {
                                                    "total": 0.0008745250000004035,
                                                    "count": 1,
                                                    "is_parallel": true,
                                                    "self": 0.000248631000001609,
                                                    "children": {
                                                        "_process_rank_one_or_two_observation": {
                                                            "total": 0.0006258939999987945,
                                                            "count": 2,
                                                            "is_parallel": true,
                                                            "self": 0.0006258939999987945
                                                        }
                                                    }
                                                },
                                                "UnityEnvironment.step": {
                                                    "total": 59.90362236300016,
                                                    "count": 555,
                                                    "is_parallel": true,
                                                    "self": 0.04117518999986913,
                                                    "children": {
                                                        "UnityEnvironment._generate_step_input": {
                                                            "total": 0.034952449000176244,
                                                            "count": 555,
                                                            "is_parallel": true,
                                                            "self": 0.034952449000176244
                                                        },
                                                        "communicator.exchange": {
                                                            "total": 59.67803670600007,
                                                            "count": 555,
                                                            "is_parallel": true,
                                                            "self": 59.67803670600007
                                                        },
                                                        "steps_from_proto": {
                                                            "total": 0.14945801800004332,
                                                            "count": 555,
                                                            "is_parallel": true,
                                                            "self": 0.0898608150001472,
                                                            "children": {
                                                                "_process_rank_one_or_two_observation": {
                                                                    "total": 0.059597202999896126,
                                                                    "count": 1110,
                                                                    "is_parallel": true,
                                                                    "self": 0.059597202999896126
                                                                }
                                                            }
                                                        }
                                                    }
                                                }
                                            }
                                        }
                                    }
                                }
                            }
                        },
                        "trainer_advance": {
                            "total": 0.06507680699987617,
                            "count": 555,
                            "self": 0.011609879000040735,
                            "children": {
                                "process_trajectory": {
                                    "total": 0.053466927999835434,
                                    "count": 555,
                                    "self": 0.053466927999835434
                                }
                            }
                        }
                    }
                },
                "TrainerController._save_models": {
                    "total": 0.2575712279999891,
                    "count": 1,
                    "self": 0.0010597829999881014,
                    "children": {
                        "RLTrainer._checkpoint": {
                            "total": 0.256511445000001,
                            "count": 1,