{
    "name": "root",
    "metadata": {
        "timer_format_version": "0.1.0",
        "start_time_seconds": "1716092635",
        "python_version": "3.9.5 (default, May 18 2021, 12:31:01) \n[Clang 10.0.0 ]",
        "command_line_arguments": "/Users/aaronzhang/Block Badminton/venv/bin/mlagents-learn config/trainer_config.yaml --run-id=Test22",
        "mlagents_version": "0.30.0",
        "mlagents_envs_version": "0.30.0",
        "communication_protocol_version": "1.5.0",
        "pytorch_version": "1.11.0",
        "numpy_version": "1.21.2",
        "end_time_seconds": "1716092958"
    },
    "total": 323.27873956400003,
    "count": 1,
    "self": 0.007275647000085428,
    "children": {
        "run_training.setup": {
            "total": 0.03809769399999974,
            "count": 1,
            "self": 0.03809769399999974
        },
        "TrainerController.start_learning": {
            "total": 323.23336622299996,
            "count": 1,
            "self": 0.37609084999917286,
            "children": {
                "TrainerController._reset_env": {
                    "total": 36.324052701,
                    "count": 1,
                    "self": 36.324052701
                },
                "TrainerController.advance": {
                    "total": 286.26795433000075,
                    "count": 14032,
                    "self": 0.34938847299963527,
                    "children": {
                        "env_step": {
                            "total": 283.2799929740013,
                            "count": 14032,
                            "self": 242.6667866840011,
                            "children": {
                                "SubprocessEnvManager._take_step": {
                                    "total": 40.37254332499964,
                                    "count": 14032,
                                    "self": 1.8519992069999844,
                                    "children": {
                                        "TorchPolicy.evaluate": {
                                            "total": 38.520544117999655,
                                            "count": 27202,
                                            "self": 38.520544117999655
                                        }
                                    }
                                },
                                "workers": {
                                    "total": 0.24066296500054563,
                                    "count": 14031,
                                    "self": 0.0,
                                    "children": {
                                        "worker_root": {
                                            "total": 239.0298089469982,
                                            "count": 14031,
                                            "is_parallel": true,
                                            "self": 63.162918758997165,
                                            "children": {
                                                "steps_from_proto": {
                                                    "total": 0.0005396520000005012,
                                                    "count": 2,
                                                    "is_parallel": true,
                                                    "self": 0.0003710360000042101,
                                                    "children": {
                                                        "_process_rank_one_or_two_observation": {
                                                            "total": 0.00016861599999629107,
                                                            "count": 4,
                                                            "is_parallel": true,
                                                            "self": 0.00016861599999629107
                                                        }
                                                    }
                                                },
                                                "UnityEnvironment.step": {
                                                    "total": 175.86635053600105,
                                                    "count": 14031,
                                                    "is_parallel": true,
                                                    "self": 1.6580061389992125,
                                                    "children": {
                                                        "UnityEnvironment._generate_step_input": {
                                                            "total": 1.3463088520005755,
                                                            "count": 14031,
                                                            "is_parallel": true,
                                                            "self": 1.3463088520005755
                                                        },
                                                        "communicator.exchange": {
                                                            "total": 165.08425120700096,
                                                            "count": 14031,
                                                            "is_parallel": true,
                                                            "self": 165.08425120700096
                                                        },
                                                        "steps_from_proto": {
                                                            "total": 7.777784338000302,
                                                            "count": 28062,
                                                            "is_parallel": true,
                                                            "self": 5.192846819002149,
                                                            "children": {
                                                                "_process_rank_one_or_two_observation": {
                                                                    "total": 2.584937518998153,
                                                                    "count": 56124,
                                                                    "is_parallel": true,
                                                                    "self": 2.584937518998153
                                                                }
                                                            }
                                                        }
                                                    }
                                                }
                                            }
                                        }
                                    }
                                }
                            }
                        },
                        "trainer_advance": {
                            "total": 2.6385728829998456,
                            "count": 14031,
                            "self": 0.9482100370011324,
                            "children": {
                                "process_trajectory": {
                                    "total": 1.6903628459987132,
                                    "count": 14031,
                                    "self": 1.6903628459987132
                                }
                            }
                        }
                    }
                },
                "trainer_threads": {
                    "total": 4.384000021673273e-06,
                    "count": 1,
                    "self": 4.384000021673273e-06
                },
                "TrainerController._save_models": {
                    "total": 0.26526395799999136,
                    "count": 1,
                    "self": 0.0009114499999895997,