{
    "name": "root",
    "metadata": {
        "timer_format_version": "0.1.0",
        "start_time_seconds": "1716071691",
        "python_version": "3.9.5 (default, May 18 2021, 12:31:01) \n[Clang 10.0.0 ]",
        "command_line_arguments": "/Users/aaronzhang/Block Badminton/venv/bin/mlagents-learn --force",
        "mlagents_version": "0.30.0",
        "mlagents_envs_version": "0.30.0",
        "communication_protocol_version": "1.5.0",
        "pytorch_version": "1.11.0",
        "numpy_version": "1.21.2",
        "end_time_seconds": "1716071778"
    },
    "total": 87.63856675,
    "count": 1,
    "self": 0.006188680999997587,
    "children": {
        "run_training.setup": {
            "total": 0.035491987999999974,
            "count": 1,
            "self": 0.035491987999999974
        },
        "TrainerController.start_learning": {
            "total": 87.596886081,
            "count": 1,
            "self": 0.018490622999991047,
            "children": {
                "TrainerController._reset_env": {
                    "total": 13.922585426,
                    "count": 1,
                    "self": 13.922585426
                },
                "TrainerController.advance": {
                    "total": 73.440418034,
                    "count": 937,
                    "self": 0.018274266999952715,
                    "children": {
                        "env_step": {
                            "total": 73.29905912600003,
                            "count": 937,
                            "self": 72.13863212800001,
                            "children": {
                                "SubprocessEnvManager._take_step": {
                                    "total": 1.1485020959999943,
                                    "count": 937,
                                    "self": 0.04693978600005444,
                                    "children": {
                                        "TorchPolicy.evaluate": {
                                            "total": 1.1015623099999399,
                                            "count": 937,
                                            "self": 1.1015623099999399
                                        }
                                    }
                                },
                                "workers": {
                                    "total": 0.011924902000020055,
                                    "count": 936,
                                    "self": 0.0,
                                    "children": {
                                        "worker_root": {
                                            "total": 12.506835837999958,
                                            "count": 936,
                                            "is_parallel": true,
                                            "self": 2.1725811649999898,
                                            "children": {
                                                "steps_from_proto": {
                                                    "total": 0.002802682000000445,
                                                    "count": 1,
                                                    "is_parallel": true,
                                                    "self": 0.0012892959999994957,
                                                    "children": {
                                                        "_process_rank_one_or_two_observation": {
                                                            "total": 0.0015133860000009491,
                                                            "count": 2,
                                                            "is_parallel": true,
                                                            "self": 0.0015133860000009491
                                                        }
                                                    }
                                                },
                                                "UnityEnvironment.step": {
                                                    "total": 10.331451990999968,
                                                    "count": 936,
                                                    "is_parallel": true,
                                                    "self": 0.06850472099993787,
                                                    "children": {
                                                        "UnityEnvironment._generate_step_input": {
                                                            "total": 0.0647707830000197,
                                                            "count": 936,
                                                            "is_parallel": true,
                                                            "self": 0.0647707830000197
                                                        },
                                                        "communicator.exchange": {
                                                            "total": 9.950727331999964,
                                                            "count": 936,
                                                            "is_parallel": true,
                                                            "self": 9.950727331999964
                                                        },
                                                        "steps_from_proto": {
                                                            "total": 0.24744915500004616,
                                                            "count": 936,
                                                            "is_parallel": true,
                                                            "self": 0.15512354600003064,
                                                            "children": {
                                                                "_process_rank_one_or_two_observation": {
                                                                    "total": 0.09232560900001552,
                                                                    "count": 1872,
                                                                    "is_parallel": true,
                                                                    "self": 0.09232560900001552
                                                                }
                                                            }
                                                        }
                                                    }
                                                }
                                            }
                                        }
                                    }
                                }
                            }
                        },
                        "trainer_advance": {
                            "total": 0.12308464100002325,
                            "count": 936,
                            "self": 0.020412491000074695,
                            "children": {
                                "process_trajectory": {
                                    "total": 0.10267214999994856,
                                    "count": 936,
                                    "self": 0.10267214999994856
                                }
                            }
                        }
                    }
                },
                "TrainerController._save_models": {
                    "total": 0.2153919980000012,
                    "count": 1,
                    "self": 0.0013577919999931964,
                    "children": {
                        "RLTrainer._checkpoint": {
                            "total": 0.214034206000008,
                            "count": 1,
                            "self": 0.214034206000008
                        }
                    }
                }
            }
        }
    }
}