{
    "name": "root",
    "metadata": {
        "timer_format_version": "0.1.0",
        "start_time_seconds": "1716153784",
        "python_version": "3.9.5 (default, May 18 2021, 12:31:01) \n[Clang 10.0.0 ]",
        "command_line_arguments": "/Users/aaronzhang/Block Badminton/venv/bin/mlagents-learn config/trainer_config.yaml --run-id=Test28 --time-scale=1",
        "mlagents_version": "0.30.0",
        "mlagents_envs_version": "0.30.0",
        "communication_protocol_version": "1.5.0",
        "pytorch_version": "1.11.0",
        "numpy_version": "1.21.2",
        "end_time_seconds": "1716153887"
    },
    "total": 102.246751425,
    "count": 1,
    "self": 0.0069408210000005965,
    "children": {
        "run_training.setup": {
            "total": 0.041776308000000206,
            "count": 1,
            "self": 0.041776308000000206
        },
        "TrainerController.start_learning": {
            "total": 102.198034296,
            "count": 1,
            "self": 0.001327868000018384,
            "children": {
                "TrainerController._reset_env": {
                    "total": 30.514000986000003,
                    "count": 1,
                    "self": 30.514000986000003
                },
                "TrainerController.advance": {
                    "total": 71.41360725099997,
                    "count": 56,
                    "self": 0.0011324129999081833,
                    "children": {
                        "env_step": {
                            "total": 71.41006774500002,
                            "count": 56,
                            "self": 71.20720574500001,
                            "children": {
                                "SubprocessEnvManager._take_step": {
                                    "total": 0.20221838300000883,
                                    "count": 56,
                                    "self": 0.005613672000045256,
                                    "children": {
                                        "TorchPolicy.evaluate": {
                                            "total": 0.19660471099996357,
                                            "count": 112,
                                            "self": 0.19660471099996357
                                        }
                                    }
                                },
                                "workers": {
                                    "total": 0.0006436170000085895,
                                    "count": 55,
                                    "self": 0.0,
                                    "children": {
                                        "worker_root": {
                                            "total": 10.023294817000018,
                                            "count": 55,
                                            "is_parallel": true,
                                            "self": 0.3210175159999942,
                                            "children": {
                                                "steps_from_proto": {
                                                    "total": 0.0005764110000008316,
                                                    "count": 2,
                                                    "is_parallel": true,
                                                    "self": 0.00036410699999578355,
                                                    "children": {
                                                        "_process_rank_one_or_two_observation": {
                                                            "total": 0.000212304000005048,
                                                            "count": 4,
                                                            "is_parallel": true,
                                                            "self": 0.000212304000005048
                                                        }
                                                    }
                                                },
                                                "UnityEnvironment.step": {
                                                    "total": 9.701700890000023,
                                                    "count": 55,
                                                    "is_parallel": true,
                                                    "self": 0.005745696000069245,
                                                    "children": {
                                                        "UnityEnvironment._generate_step_input": {
                                                            "total": 0.006601428999978509,
                                                            "count": 55,
                                                            "is_parallel": true,
                                                            "self": 0.006601428999978509
                                                        },
                                                        "communicator.exchange": {
                                                            "total": 9.662506134000001,
                                                            "count": 55,
                                                            "is_parallel": true,
                                                            "self": 9.662506134000001
                                                        },
                                                        "steps_from_proto": {
                                                            "total": 0.026847630999974115,
                                                            "count": 110,
                                                            "is_parallel": true,
                                                            "self": 0.017545133999917084,
                                                            "children": {
                                                                "_process_rank_one_or_two_observation": {
                                                                    "total": 0.00930249700005703,
                                                                    "count": 220,
                                                                    "is_parallel": true,
                                                                    "self": 0.00930249700005703
                                                                }
                                                            }
                                                        }
                                                    }
                                                }
                                            }
                                        }
                                    }
                                }
                            }
                        },
                        "trainer_advance": {
                            "total": 0.0024070930000448243,
                            "count": 55,
                            "self": 0.0022101270000476347,
                            "children": {
                                "process_trajectory": {
                                    "total": 0.00019696599999718956,
                                    "count": 55,
                                    "self": 0.00019696599999718956
                                }
                            }
                        }
                    }
                },
                "TrainerController._save_models": {
                    "total": 0.26909819100001187,
                    "count": 1,
                    "self": 0.0009333940000146868,
                    "children": {
                        "RLTrainer._checkpoint": {
                            "total": 0.2681647969999972,
                            "count": 1,