{
    "name": "root",
    "metadata": {
        "timer_format_version": "0.1.0",
        "start_time_seconds": "1716092080",
        "python_version": "3.9.5 (default, May 18 2021, 12:31:01) \n[Clang 10.0.0 ]",
        "command_line_arguments": "/Users/aaronzhang/Block Badminton/venv/bin/mlagents-learn config/trainer_config.yaml --time-scale=1 --run-id=Test21",
        "mlagents_version": "0.30.0",
        "mlagents_envs_version": "0.30.0",
        "communication_protocol_version": "1.5.0",
        "pytorch_version": "1.11.0",
        "numpy_version": "1.21.2",
        "end_time_seconds": "1716092415"
    },
    "total": 334.58411460499997,
    "count": 1,
    "self": 0.01144723099997691,
    "children": {
        "run_training.setup": {
            "total": 0.03320196199999992,
            "count": 1,
            "self": 0.03320196199999992
        },
        "TrainerController.start_learning": {
            "total": 334.53946541199997,
            "count": 1,
            "self": 0.057887623000624444,
            "children": {
                "TrainerController._reset_env": {
                    "total": 41.833830348999996,
                    "count": 1,
                    "self": 41.833830348999996
                },
                "TrainerController.advance": {
                    "total": 292.29741735099935,
                    "count": 1640,
                    "self": 0.05345631299979914,
                    "children": {
                        "env_step": {
                            "total": 291.77087491699956,
                            "count": 1640,
                            "self": 285.4650365989987,
                            "children": {
                                "SubprocessEnvManager._take_step": {
                                    "total": 6.272647246000645,
                                    "count": 1640,
                                    "self": 0.2624326949996387,
                                    "children": {
                                        "TorchPolicy.evaluate": {
                                            "total": 6.010214551001006,
                                            "count": 3190,
                                            "self": 6.010214551001006
                                        }
                                    }
                                },
                                "workers": {
                                    "total": 0.03319107200017157,
                                    "count": 1639,
                                    "self": 0.0,
                                    "children": {
                                        "worker_root": {
                                            "total": 229.2199158139998,
                                            "count": 1639,
                                            "is_parallel": true,
                                            "self": 9.657046956000016,
                                            "children": {
                                                "steps_from_proto": {
                                                    "total": 0.005886605000007705,
                                                    "count": 2,
                                                    "is_parallel": true,
                                                    "self": 0.0018129200000132073,
                                                    "children": {
                                                        "_process_rank_one_or_two_observation": {
                                                            "total": 0.004073684999994498,
                                                            "count": 4,
                                                            "is_parallel": true,
                                                            "self": 0.004073684999994498
                                                        }
                                                    }
                                                },
                                                "UnityEnvironment.step": {
                                                    "total": 219.55698225299977,
                                                    "count": 1639,
                                                    "is_parallel": true,
                                                    "self": 0.24319797799932985,
                                                    "children": {
                                                        "UnityEnvironment._generate_step_input": {
                                                            "total": 0.19942089400061036,
                                                            "count": 1639,
                                                            "is_parallel": true,
                                                            "self": 0.19942089400061036
                                                        },
                                                        "communicator.exchange": {
                                                            "total": 217.79444386100025,
                                                            "count": 1639,
                                                            "is_parallel": true,
                                                            "self": 217.79444386100025
                                                        },
                                                        "steps_from_proto": {
                                                            "total": 1.319919519999587,
                                                            "count": 3278,
                                                            "is_parallel": true,
                                                            "self": 0.8288101449999132,
                                                            "children": {
                                                                "_process_rank_one_or_two_observation": {
                                                                    "total": 0.4911093749996738,
                                                                    "count": 6556,
                                                                    "is_parallel": true,
                                                                    "self": 0.4911093749996738
                                                                }
                                                            }
                                                        }
                                                    }
                                                }
                                            }
                                        }
                                    }
                                }
                            }
                        },
                        "trainer_advance": {
                            "total": 0.47308612100000147,
                            "count": 1639,
                            "self": 0.13429452499944716,
                            "children": {
                                "process_trajectory": {
                                    "total": 0.3387915960005543,
                                    "count": 1639,
                                    "self": 0.3387915960005543
                                }
                            }
                        }
                    }
                },
                "TrainerController._save_models": {
                    "total": 0.3503300890000105,
                    "count": 1,
                    "self": 0.00966833500001485,
                    "children": {
                        "RLTrainer._checkpoint": {
                            "total": 0.34066175399999565,
                            "count": 1,