{
    "name": "root",
    "metadata": {
        "timer_format_version": "0.1.0",
        "start_time_seconds": "1716096607",
        "python_version": "3.9.5 (default, May 18 2021, 12:31:01) \n[Clang 10.0.0 ]",
        "command_line_arguments": "/Users/aaronzhang/Block Badminton/venv/bin/mlagents-learn config/trainer_config.yaml --run-id=Test26 --time-scale=1",
        "mlagents_version": "0.30.0",
        "mlagents_envs_version": "0.30.0",
        "communication_protocol_version": "1.5.0",
        "pytorch_version": "1.11.0",
        "numpy_version": "1.21.2",
        "end_time_seconds": "1716096726"
    },
    "total": 118.546889947,
    "count": 1,
    "self": 0.00645091399999842,
    "children": {
        "run_training.setup": {
            "total": 0.039583995000000094,
            "count": 1,
            "self": 0.039583995000000094
        },
        "TrainerController.start_learning": {
            "total": 118.500855038,
            "count": 1,
            "self": 0.00574627300005659,
            "children": {
                "TrainerController._reset_env": {
                    "total": 27.128050160999997,
                    "count": 1,
                    "self": 27.128050160999997
                },
                "TrainerController.advance": {
                    "total": 91.10941186499994,
                    "count": 282,
                    "self": 0.005439769999924238,
                    "children": {
                        "env_step": {
                            "total": 91.05499510699997,
                            "count": 282,
                            "self": 90.4285675469998,
                            "children": {
                                "SubprocessEnvManager._take_step": {
                                    "total": 0.6231556400000571,
                                    "count": 282,
                                    "self": 0.02417435700011339,
                                    "children": {
                                        "TorchPolicy.evaluate": {
                                            "total": 0.5989812829999437,
                                            "count": 544,
                                            "self": 0.5989812829999437
                                        }
                                    }
                                },
                                "workers": {
                                    "total": 0.0032719200001025683,
                                    "count": 281,
                                    "self": 0.0,
                                    "children": {
                                        "worker_root": {
                                            "total": 30.06136090100002,
                                            "count": 281,
                                            "is_parallel": true,
                                            "self": 1.0134490410001291,
                                            "children": {
                                                "steps_from_proto": {
                                                    "total": 0.0005149519999996244,
                                                    "count": 2,
                                                    "is_parallel": true,
                                                    "self": 0.0003325509999996257,
                                                    "children": {
                                                        "_process_rank_one_or_two_observation": {
                                                            "total": 0.0001824009999999987,
                                                            "count": 4,
                                                            "is_parallel": true,
                                                            "self": 0.0001824009999999987
                                                        }
                                                    }
                                                },
                                                "UnityEnvironment.step": {
                                                    "total": 29.04739690799989,
                                                    "count": 281,
                                                    "is_parallel": true,
                                                    "self": 0.027793225000014132,
                                                    "children": {
                                                        "UnityEnvironment._generate_step_input": {
                                                            "total": 0.02863061999998351,
                                                            "count": 281,
                                                            "is_parallel": true,
                                                            "self": 0.02863061999998351
                                                        },
                                                        "communicator.exchange": {
                                                            "total": 28.86518882700002,
                                                            "count": 281,
                                                            "is_parallel": true,
                                                            "self": 28.86518882700002
                                                        },
                                                        "steps_from_proto": {
                                                            "total": 0.12578423599987332,
                                                            "count": 562,
                                                            "is_parallel": true,
                                                            "self": 0.08090002599999835,
                                                            "children": {
                                                                "_process_rank_one_or_two_observation": {
                                                                    "total": 0.04488420999987497,
                                                                    "count": 1124,
                                                                    "is_parallel": true,
                                                                    "self": 0.04488420999987497
                                                                }
                                                            }
                                                        }
                                                    }
                                                }
                                            }
                                        }
                                    }
                                }
                            }
                        },
                        "trainer_advance": {
                            "total": 0.04897698800004946,
                            "count": 281,
                            "self": 0.013455518000021982,
                            "children": {
                                "process_trajectory": {
                                    "total": 0.03552147000002748,
                                    "count": 281,
                                    "self": 0.03552147000002748
                                }
                            }
                        }
                    }
                },
                "TrainerController._save_models": {
                    "total": 0.2576467389999948,
                    "count": 1,
                    "self": 0.0009573959999897852,
                    "children": {
                        "RLTrainer._checkpoint": {
                            "total": 0.256689343000005,
                            "count": 1,