{
    "name": "root",
    "metadata": {
        "timer_format_version": "0.1.0",
        "start_time_seconds": "1716154192",
        "python_version": "3.9.5 (default, May 18 2021, 12:31:01) \n[Clang 10.0.0 ]",
        "command_line_arguments": "/Users/aaronzhang/Block Badminton/venv/bin/mlagents-learn config/trainer_config.yaml --run-id=Test30 --time-scale=1",
        "mlagents_version": "0.30.0",
        "mlagents_envs_version": "0.30.0",
        "communication_protocol_version": "1.5.0",
        "pytorch_version": "1.11.0",
        "numpy_version": "1.21.2",
        "end_time_seconds": "1716154284"
    },
    "total": 92.530526452,
    "count": 1,
    "self": 0.006360972000010179,
    "children": {
        "run_training.setup": {
            "total": 0.03256815200000007,
            "count": 1,
            "self": 0.03256815200000007
        },
        "TrainerController.start_learning": {
            "total": 92.491597328,
            "count": 1,
            "self": 0.0055708020000651,
            "children": {
                "TrainerController._reset_env": {
                    "total": 29.232297318,
                    "count": 1,
                    "self": 29.232297318
                },
                "TrainerController.advance": {
                    "total": 63.01977881099994,
                    "count": 249,
                    "self": 0.0044934959999665125,
                    "children": {
                        "env_step": {
                            "total": 62.975852610999965,
                            "count": 249,
                            "self": 62.45821845100014,
                            "children": {
                                "SubprocessEnvManager._take_step": {
                                    "total": 0.5148406519999611,
                                    "count": 249,
                                    "self": 0.020076808000020208,
                                    "children": {
                                        "TorchPolicy.evaluate": {
                                            "total": 0.4947638439999409,
                                            "count": 486,
                                            "self": 0.4947638439999409
                                        }
                                    }
                                },
                                "workers": {
                                    "total": 0.0027935079998613332,
                                    "count": 248,
                                    "self": 0.0,
                                    "children": {
                                        "worker_root": {
                                            "total": 28.866869389999987,
                                            "count": 248,
                                            "is_parallel": true,
                                            "self": 0.8290583509999827,
                                            "children": {
                                                "steps_from_proto": {
                                                    "total": 0.00042555800000343424,
                                                    "count": 2,
                                                    "is_parallel": true,
                                                    "self": 0.0002703530000012222,
                                                    "children": {
                                                        "_process_rank_one_or_two_observation": {
                                                            "total": 0.00015520500000221205,
                                                            "count": 4,
                                                            "is_parallel": true,
                                                            "self": 0.00015520500000221205
                                                        }
                                                    }
                                                },
                                                "UnityEnvironment.step": {
                                                    "total": 28.037385481,
                                                    "count": 248,
                                                    "is_parallel": true,
                                                    "self": 0.020859138999963278,
                                                    "children": {
                                                        "UnityEnvironment._generate_step_input": {
                                                            "total": 0.015932548000030522,
                                                            "count": 248,
                                                            "is_parallel": true,
                                                            "self": 0.015932548000030522
                                                        },
                                                        "communicator.exchange": {
                                                            "total": 27.903980448999963,
                                                            "count": 248,
                                                            "is_parallel": true,
                                                            "self": 27.903980448999963
                                                        },
                                                        "steps_from_proto": {
                                                            "total": 0.09661334500004415,
                                                            "count": 496,
                                                            "is_parallel": true,
                                                            "self": 0.063760628000189,
                                                            "children": {
                                                                "_process_rank_one_or_two_observation": {
                                                                    "total": 0.03285271699985515,
                                                                    "count": 992,
                                                                    "is_parallel": true,
                                                                    "self": 0.03285271699985515
                                                                }
                                                            }
                                                        }
                                                    }
                                                }
                                            }
                                        }
                                    }
                                }
                            }
                        },
                        "trainer_advance": {
                            "total": 0.039432704000006424,
                            "count": 248,
                            "self": 0.011726088999999718,
                            "children": {
                                "process_trajectory": {
                                    "total": 0.027706615000006707,
                                    "count": 248,
                                    "self": 0.027706615000006707
                                }
                            }
                        }
                    }
                },
                "trainer_threads": {
                    "total": 2.4530000075628777e-06,
                    "count": 1,
                    "self": 2.4530000075628777e-06
                },
                "TrainerController._save_models": {
                    "total": 0.2339479439999934,
                    "count": 1,
                    "self": 0.0009380649999997104,