{
    "name": "root",
    "gauges": {
        "Badminton.Policy.Entropy.mean": {
            "value": 2.4763174057006836,
            "min": 2.4759507179260254,
            "max": 2.4763174057006836,
            "count": 7
        },
        "Badminton.Policy.Entropy.sum": {
            "value": 9766.595703125,
            "min": 9766.595703125,
            "max": 9988.478515625,
            "count": 7
        },
        "Badminton.Environment.EpisodeLength.mean": {
            "value": 23.65,
            "min": 23.548780487804876,
            "max": 26.555555555555557,
            "count": 7
        },
        "Badminton.Environment.EpisodeLength.sum": {
            "value": 3784.0,
            "min": 3784.0,
            "max": 3876.0,
            "count": 7
        },
        "Badminton.Self-play.ELO.mean": {
            "value": 1170.2241571623995,
            "min": 1170.2241571623995,
            "max": 1196.2433618801167,
            "count": 7
        },
        "Badminton.Self-play.ELO.sum": {
            "value": 93617.93257299197,
            "min": 84876.65511303197,
            "max": 96136.74731559039,
            "count": 7
        },
        "Badminton.Step.mean": {
            "value": 13968.0,
            "min": 1987.0,
            "max": 13968.0,
            "count": 7
        },
        "Badminton.Step.sum": {
            "value": 13968.0,
            "min": 1987.0,
            "max": 13968.0,
            "count": 7
        },
        "Badminton.Policy.ExtrinsicValueEstimate.mean": {
            "value": 0.11687024682760239,
            "min": 0.0952073186635971,
            "max": 0.17398136854171753,
            "count": 7
        },
        "Badminton.Policy.ExtrinsicValueEstimate.sum": {
            "value": 9.34961986541748,
            "min": 6.854927062988281,
            "max": 13.09381103515625,
            "count": 7
        },
        "Badminton.Environment.CumulativeReward.mean": {
            "value": -0.2,
            "min": -0.4473684210526316,
            "max": -0.05555555555555555,
            "count": 7
        },
        "Badminton.Environment.CumulativeReward.sum": {
            "value": -16.0,
            "min": -34.0,
            "max": -4.0,
            "count": 7
        },
        "Badminton.Policy.ExtrinsicReward.mean": {
            "value": -0.2,
            "min": -0.4473684210526316,
            "max": -0.05555555555555555,
            "count": 7
        },
        "Badminton.Policy.ExtrinsicReward.sum": {
            "value": -16.0,
            "min": -34.0,
            "max": -4.0,
            "count": 7
        },
        "Badminton.IsTraining.mean": {
            "value": 1.0,
            "min": 1.0,
            "max": 1.0,
            "count": 7
        },
        "Badminton.IsTraining.sum": {
            "value": 1.0,
            "min": 1.0,
            "max": 1.0,
            "count": 7
        }
    },
    "metadata": {
        "timer_format_version": "0.1.0",
        "start_time_seconds": "1716095906",
        "python_version": "3.9.5 (default, May 18 2021, 12:31:01) \n[Clang 10.0.0 ]",
        "command_line_arguments": "/Users/aaronzhang/Block Badminton/venv/bin/mlagents-learn config/trainer_config.yaml --run-id=Test25",
        "mlagents_version": "0.30.0",
        "mlagents_envs_version": "0.30.0",
        "communication_protocol_version": "1.5.0",
        "pytorch_version": "1.11.0",
        "numpy_version": "1.21.2",
        "end_time_seconds": "1716096198"
    },
    "total": 291.197788471,
    "count": 1,
    "self": 0.005710942000007435,
    "children": {
        "run_training.setup": {
            "total": 0.03993123100000018,
            "count": 1,
            "self": 0.03993123100000018
        },
        "TrainerController.start_learning": {
            "total": 291.152146298,
            "count": 1,
            "self": 0.3267500379996022,
            "children": {
                "TrainerController._reset_env": {
                    "total": 29.281488928999998,
                    "count": 1,
                    "self": 29.281488928999998
                },
                "TrainerController.advance": {
                    "total": 261.2898579700004,
                    "count": 15830,
                    "self": 0.3280900180001822,
                    "children": {
                        "env_step": {
                            "total": 258.5656944519984,
                            "count": 15830,
                            "self": 224.6922707279984,
                            "children": {
                                "SubprocessEnvManager._take_step": {
                                    "total": 33.667991651000605,
                                    "count": 15830,
                                    "self": 1.4999057250015895,
                                    "children": {
                                        "TorchPolicy.evaluate": {
                                            "total": 32.168085925999016,
                                            "count": 30654,
                                            "self": 32.168085925999016
                                        }
                                    }
                                },
                                "workers": {
                                    "total": 0.20543207299940747,
                                    "count": 15829,
                                    "self": 0.0,
                                    "children": {
                                        "worker_root": {
                                            "total": 199.76797768800225,
                                            "count": 15829,
                                            "is_parallel": true,
                                            "self": 53.01578697500099,
                                            "children": {
                                                "steps_from_proto": {
                                                    "total": 0.0005071010000001763,
                                                    "count": 2,
                                                    "is_parallel": true,
                                                    "self": 0.000327220999999156,
                                                    "children": {
                                                        "_process_rank_one_or_two_observation": {
                                                            "total": 0.00017988000000102033,
                                                            "count": 4,
                                                            "is_parallel": true,
                                                            "self": 0.00017988000000102033
                                                        }
                                                    }
                                                },
                                                "UnityEnvironment.step": {
                                                    "total": 146.75168361200124,
                                                    "count": 15829,
                                                    "is_parallel": true,
                                                    "self": 1.4375920680018055,
                                                    "children": {
                                                        "UnityEnvironment._generate_step_input": {
                                                            "total": 1.1462900349995877,
                                                            "count": 15829,
                                                            "is_parallel": true,
                                                            "self": 1.1462900349995877
                                                        },